{
    "ST-32": {
        "allele_combination": "3-4-8-3-8-5-4-18-9-5",
        "clades": [
            "Widely Prevalent (WP) Ia"
        ]
    },
    "ST-29": {
        "allele_combination": "3-4-8-3-8-5-4-15-9-5",
        "clades": [
            "Widely Prevalent (WP) Ia"
        ]
    },
    "ST-26": {
        "allele_combination": "3-4-8-3-8-5-4-18-6-5",
        "clades": [
            "Widely Prevalent (WP) Ib",
            "Widely Prevalent (WP) II",
            "Widely Prevalent (WP) Ia"
        ]
    },
    "ST-10": {
        "allele_combination": "1-1-1-1-3-7-15-2-5-14",
        "clades": [
            "Rubus I"
        ]
    },
    "ST-7": {
        "allele_combination": "1-1-1-1-3-8-13-1-1-12",
        "clades": [
            "Rubus II"
        ]
    },
    "ST-33": {
        "allele_combination": "3-3-8-3-8-5-4-18-13-6",
        "clades": [
            "Eastern North American (ENA) IV"
        ]
    },
    "ST-28": {
        "allele_combination": "3-4-8-3-8-5-4-18-8-5",
        "clades": [
            "Widely Prevalent (WP) Ia"
        ]
    },
    "ST-35": {
        "allele_combination": "3-4-7-6-8-5-4-18-9-6",
        "clades": [
            "Western North American (WNA) III"
        ]
    },
    "ST-40": {
        "allele_combination": "5-4-3-4-5-4-8-8-13-10",
        "clades": [
            "B-Group II"
        ]
    },
    "ST-17": {
        "allele_combination": "3-4-8-3-8-5-4-18-6-4",
        "clades": [
            "Widely Prevalent (WP) Ib"
        ]
    },
    "ST-24": {
        "allele_combination": "3-4-8-3-8-5-4-11-6-5",
        "clades": [
            "Widely Prevalent (WP) Ib"
        ]
    },
    "ST-6": {
        "allele_combination": "1-1-1-1-1-7-12-4-5-19",
        "clades": [
            "Rubus II"
        ]
    },
    "ST-8": {
        "allele_combination": "1-1-1-1-3-6-14-1-4-15",
        "clades": [
            "Rubus III"
        ]
    },
    "ST-11": {
        "allele_combination": "1-1-1-1-2-7-16-3-5-13",
        "clades": [
            "Rubus I"
        ]
    },
    "ST-22": {
        "allele_combination": "3-4-8-3-8-5-4-18-19-5",
        "clades": [
            "Widely Prevalent (WP) Ia"
        ]
    },
    "ST-20": {
        "allele_combination": "3-4-6-3-8-5-4-18-9-5",
        "clades": [
            "Widely Prevalent (WP) Ia"
        ]
    },
    "ST-13": {
        "allele_combination": "3-4-8-3-8-5-3-18-6-5",
        "clades": [
            "Widely Prevalent (WP) Ib"
        ]
    },
    "ST-2": {
        "allele_combination": "1-1-1-1-3-9-10-4-5-19",
        "clades": [
            "Rubus II"
        ]
    },
    "ST-3": {
        "allele_combination": "1-1-1-1-2-7-11-4-3-16",
        "clades": [
            "Rubus I"
        ]
    },
    "ST-9": {
        "allele_combination": "1-1-1-1-3-6-14-1-4-16",
        "clades": [
            "Rubus I",
            "Rubus III"
        ]
    },
    "ST-39": {
        "allele_combination": "3-4-3-7-5-4-7-6-12-7",
        "clades": [
            "B-Group I"
        ]
    },
    "ST-44": {
        "allele_combination": "1-1-1-1-3-7-9-1-2-17",
        "clades": [
            "Rubus II"
        ]
    },
    "ST-1": {
        "allele_combination": "5-4-2-6-4-4-1-7-18-8",
        "clades": [
            "B-Group I"
        ]
    },
    "ST-36": {
        "allele_combination": "2-2-4-6-5-1-5-9-16-1",
        "clades": [
            "B-Group IV"
        ]
    },
    "ST-19": {
        "allele_combination": "3-4-8-2-8-5-4-18-9-5",
        "clades": [
            "Widely Prevalent (WP) Ia"
        ]
    },
    "ST-23": {
        "allele_combination": "3-4-8-3-8-5-4-10-6-5",
        "clades": [
            "Widely Prevalent (WP) Ib"
        ]
    },
    "ST-25": {
        "allele_combination": "3-4-8-3-8-5-4-13-6-5",
        "clades": [
            "Widely Prevalent (WP) II"
        ]
    },
    "ST-27": {
        "allele_combination": "3-4-8-3-8-5-4-10-7-5",
        "clades": [
            "Widely Prevalent (WP) Ib"
        ]
    },
    "ST-16": {
        "allele_combination": "3-4-8-3-8-5-4-18-6-2",
        "clades": [
            "Widely Prevalent (WP) Ia"
        ]
    },
    "ST-34": {
        "allele_combination": "3-4-7-6-8-5-4-12-9-6",
        "clades": [
            "Western North American (WNA) III"
        ]
    },
    "ST-42": {
        "allele_combination": "5-4-3-5-5-1-8-8-17-3",
        "clades": [
            "B-Group III"
        ]
    },
    "ST-31": {
        "allele_combination": "3-4-8-3-8-3-4-18-9-5",
        "clades": [
            "Widely Prevalent (WP) Ia"
        ]
    },
    "ST-5": {
        "allele_combination": "1-1-1-1-3-7-11-5-5-18",
        "clades": [
            "Rubus I"
        ]
    },
    "ST-38": {
        "allele_combination": "4-2-3-6-4-4-6-7-18-11",
        "clades": [
            "B-Group I"
        ]
    },
    "ST-4": {
        "allele_combination": "1-1-1-1-3-7-11-4-5-18",
        "clades": [
            "Rubus I"
        ]
    },
    "ST-41": {
        "allele_combination": "5-4-3-4-5-4-8-8-14-10",
        "clades": [
            "B-Group II"
        ]
    },
    "ST-15": {
        "allele_combination": "3-4-8-3-8-5-3-18-9-5",
        "clades": [
            "Widely Prevalent (WP) Ia"
        ]
    },
    "ST-14": {
        "allele_combination": "3-4-8-3-8-2-3-18-9-5",
        "clades": [
            "Widely Prevalent (WP) Ia"
        ]
    },
    "ST-18": {
        "allele_combination": "3-4-8-3-6-5-4-18-9-5",
        "clades": [
            "Widely Prevalent (WP) Ia"
        ]
    },
    "ST-12": {
        "allele_combination": "3-4-8-3-8-5-2-18-9-5",
        "clades": [
            "Widely Prevalent (WP) Ia"
        ]
    },
    "ST-37": {
        "allele_combination": "4-2-5-4-7-4-6-17-15-1",
        "clades": [
            "B-Group I"
        ]
    },
    "ST-21": {
        "allele_combination": "3-4-8-3-8-5-4-18-10-5",
        "clades": [
            "Widely Prevalent (WP) Ia"
        ]
    },
    "ST-43": {
        "allele_combination": "5-4-3-4-5-4-8-14-11-9",
        "clades": [
            "Unknown"
        ]
    },
    "ST-30": {
        "allele_combination": "3-4-8-3-8-5-4-16-9-5",
        "clades": [
            "Widely Prevalent (WP) Ia"
        ]
    },
    "ST-45": {
        "allele_combination": "3-4-8-3-8-5-4-18-9-1",
        "clades": [
            "Unknown"
        ]
    }
}