Accession Number,Phage Name,Size (bp),% GC Content,Number of tRNA,Number of CDS,Family,Subfamily,DOI
MK514282.1,"Erwinia phage Derbicus, complete genome",223950,50.564411699039965,0,240,NA,NA,NA
LN624109.1,Erwinia phage Ea4 RAPD fragment M49-A09,192,42.70833333333333,0,0,NA,NA,NA
NC_061448.1,"Erwinia phage pEa_SNUABM_1, complete genome",266939,49.44687737647927,0,337,NA,NA,NA
NC_019932.1,"Erwinia phage ENT90, complete genome",29564,55.81112163442023,0,60,NA,NA,NA
KF806589.1,"Erwinia phage Ea35-70, complete genome",271084,49.88084874061177,1,318,NA,NA,NA
NC_041973.1,"Erwinia phage vB_EamM_RAY, complete genome",271182,49.87241041072048,1,317,NA,NA,NA
MH426725.1,"Erwinia phage SunLIRen, complete genome",84559,43.75288260267979,22,119,NA,NA,NA
KX098390.2,"Erwinia phage vB_EamP_Rexella, complete genome",75448,46.905153218110485,7,92,NA,NA,NA
NC_019929.1,"Erwinia phage phiEaH2, complete genome",243050,51.28985805389837,0,262,NA,NA,NA
EU710883.1,"Erwinia phage phiEa21-4, complete genome",84576,43.812665531592884,26,118,NA,NA,NA
MW760841.1,"Erwinia phage pEa_SNUABM_8, complete genome",249194,51.36158976540366,13,279,NA,NA,NA
MZ475896.1,"Erwinia phage pEa_SNUABM_7, complete genome",265635,48.953639392399346,0,346,NA,NA,NA
FJ373894.1,"Shigella phage phiSboM-AG3, complete genome",158006,50.398086148627264,4,216,NA,NA,NA
KU886222.1,"Erwinia phage vB_EamM_Special G, complete genome",273224,49.79101396656224,0,321,NA,NA,NA
HQ728263.1,"Erwinia phage vB_EamM-M7, complete genome",84694,43.386780645618344,0,117,NA,NA,NA
OQ818703.1,"Erwinia phage Panisse, complete genome",84622,43.69431117203564,26,115,NA,NA,NA
MN732867.1,"Erwinia phage Hena1, complete genome",148842,48.404348235041184,26,240,NA,NA,NA
MZ475893.1,"Erwinia phage pEa_SNUABM_45, complete genome",263891,48.9732503192606,0,341,NA,NA,NA
KX397365.1,"Erwinia phage vB_EamM_Caitlin, complete genome",241147,52.16983831438915,7,271,NA,NA,NA
NC_019514.1,"Erwinia phage vB_EamP-S6, complete genome",74669,52.08989004807886,0,115,NA,NA,NA
NC_031007.1,"Erwinia phage vB_EamM_EarlPhillipIV, complete genome",223935,50.588786924777274,0,241,NA,NA,NA
MT901798.1,"Erwinia phage PEar2, complete genome",6651,41.69297849947377,0,10,NA,NA,NA
MZ443778.1,"Erwinia phage pEa_SNUABM_30, complete genome",259771,49.29842053193005,0,330,NA,NA,NA
MW879341.1,"Erwinia phage pEa_SNUABM_54, complete genome",272635,48.22454930584848,0,320,NA,NA,NA
OQ818705.1,"Erwinia phage Pastis, complete genome",74269,51.38752373130108,0,112,NA,NA,NA
HQ728265.1,"Erwinia phage vB_EamP-L1, complete genome",39282,51.93727406954839,0,51,NA,NA,NA
KX397373.1,"Erwinia phage vB_EamM_Stratton, complete genome",243953,51.33160895746312,12,276,NA,NA,NA
OM513680.2,"Erwinia phage Loshitsa2, complete genome",43092,53.99842198087812,2,51,NA,NA,NA
HQ641347.1,"Vibrio phage ICP1, complete genome",125956,37.073263679380105,0,230,NA,NA,NA
NC_042098.1,"Erwinia phage vB_EamM_Desertfox, complete genome",272458,49.87667824031593,0,320,NA,NA,NA
OR284297.1,"Erwinia phage FIfi106, complete genome",84405,43.40027249570523,26,114,NA,NA,NA
MZ443770.1,"Erwinia phage pEa_SNUABM_3, complete genome",266175,49.503146426223346,0,339,NA,NA,NA
NC_048173.1,"Erwinia phage Derbicus, complete genome",223950,50.564411699039965,0,240,NA,NA,NA
NC_061447.1,"Erwinia phage pEa_SNUABM_33, complete genome",263237,49.32627252247974,0,340,NA,NA,NA
NC_079174.1,"Erwinia phage Fifi44, complete genome",53559,43.951530088313824,0,78,NA,NA,NA
MN191861.1,"Burkholderia phage AMP1, complete genome",42798,61.75054909107902,1,48,NA,NA,NA
NC_019926.1,Erwinia amylovora phage phiEa100 complete genome,45554,49.677306054353075,0,51,NA,NA,NA
KP037007.1,"Erwinia phage phiEa2809, complete genome",162160,50.279970399605325,1,145,NA,NA,NA
MW812340.1,"Erwinia phage pEa_SNUABM_42, complete genome",241904,51.33854752298432,10,269,NA,NA,NA
AF222715.1,Erwinia amylovora bacteriophage PEa1 unknown sequence,372,43.54838709677419,0,0,NA,NA,NA
MZ443783.1,"Erwinia phage pEa_SNUABM_28, complete genome",267143,49.54050826710788,0,346,NA,NA,NA
MT901797.1,"Erwinia phage PEar1, complete genome",6646,41.67920553716522,0,10,NA,NA,NA
KX397372.1,"Erwinia phage vB_EamM_Phobos, complete genome",229501,49.13704079720785,0,247,NA,NA,NA
OQ818708.1,"Erwinia phage Tapenade, complete genome",44966,49.72645999199395,0,49,NA,NA,NA
KT881242.1,"Erwinia amylovora phage phi-EaH5K terminase gene, partial cds",977,43.50051177072671,0,1,NA,NA,NA
OM513679.2,"Erwinia phage Micant, complete genome",43028,54.01598958817514,2,51,NA,NA,NA
KX397368.1,"Erwinia phage vB_EamM_Huxley, complete genome",240761,51.06931770511005,9,271,NA,NA,NA
OP829055.1,"Erwinia phage Fifi067, complete genome",75307,48.069900540454405,7,85,NA,NA,NA
OK129343.1,"Erwinia phage Fifi451, complete genome",53219,43.98992840902685,0,77,NA,NA,NA
KT881239.1,"Erwinia amylovora phage phi-EaH2A prohead protease gene, partial cds",501,44.11177644710579,0,1,NA,NA,NA
OQ818701.1,"Erwinia phage Nougat, complete genome",54212,44.38685161956762,0,79,NA,NA,NA
ON706965.2,"Erwinia phage Roscha1, complete genome",85137,43.78237429084887,26,117,NA,NA,NA
LN624110.1,Erwinia phage Ea7 RAPD fragment M812-R28,187,46.524064171122994,0,0,NA,NA,NA
NC_031010.1,"Erwinia phage vB_EamM_Kwan, complete genome",246390,52.10154632899062,8,285,NA,NA,NA
NC_011811.1,"Erwinia phage phiEa21-4, complete genome",84576,43.812665531592884,26,118,NA,NA,NA
MZ443774.1,"Erwinia phage pEa_SNUABM_32, complete genome",265891,49.18594461640296,0,336,NA,NA,NA
MW812341.1,"Erwinia phage pEa_SNUABM_9, complete genome",247273,49.692849603474706,15,280,NA,NA,NA
NC_031043.1,"Erwinia phage vB_EamM_Phobos, complete genome",229501,49.13704079720785,0,247,NA,NA,NA
OQ818694.1,"Erwinia phage Aioli, complete genome",53903,44.01053744689535,0,77,NA,NA,NA
HQ110084.1,"Erwinia phage ENT90, complete genome",29564,55.81112163442023,0,60,NA,NA,NA
NC_015157.1,"Vibrio phage ICP1, complete genome",125956,37.073263679380105,0,230,NA,NA,NA
KX397366.1,"Erwinia phage vB_EamM_ChrisDB, complete genome",244840,49.41431138702826,11,277,NA,NA,NA
MZ443769.1,"Erwinia phage pEp_SNUABM_52, complete genome",261095,47.18052816024819,0,339,NA,NA,NA
NC_047917.1,"Erwinia phage vB_EamP-S2, complete genome",45495,49.79228486646885,0,49,NA,NA,NA
MZ475895.1,"Erwinia phage pEa_SNUABM_14, complete genome",264285,48.97251073651551,0,343,NA,NA,NA
NC_027340.1,"Erwinia phage phiEa2809, complete genome",162160,50.279970399605325,1,145,NA,NA,NA
NC_023610.1,"Erwinia phage PhiEaH1, complete genome",218339,52.3406262738219,0,241,NA,NA,NA
FQ482086.1,Erwinia amylovora phage phiEa100 complete genome,45554,49.677306054353075,0,51,NA,NA,NA
NC_009014.1,"Erwinia amylovora phage Era103, complete genome",45445,49.838266035867534,0,53,NA,NA,NA
MW812338.1,"Erwinia phage pEa_SNUABM_4, complete genome",249193,51.361795877091254,12,279,NA,NA,NA
NC_023579.1,"Erwinia phage Ea9-2, complete genome",75568,47.04107558755028,7,94,NA,NA,NA
HG796219.1,Burkholderia phage Bp-AMP2 complete genome,42492,61.757507295490925,0,41,NA,NA,NA
AJ278614.1,"Bacteriophage phi-Ea1h lyz gene, hol gene and dpo gene",3318,50.42194092827004,0,3,NA,NA,NA
KF806588.1,"Erwinia phage Ea9-2, complete genome",75568,47.04107558755028,7,94,NA,NA,NA
MN013090.1,"Erwinia phage vB_EamM_TropicalSun, complete genome",68439,49.12695977439764,0,105,NA,NA,NA
OP480063.1,"Erwinia phage pEa_SNUABM_56, complete genome",147321,48.70588714439897,25,249,NA,NA,NA
MZ443784.1,"Erwinia phage pEa_SNUABM_18, complete genome",265970,49.5653645147949,0,341,NA,NA,NA
NC_031126.1,"Erwinia phage vB_EamM_ChrisDB, complete genome",244840,49.41431138702826,11,277,NA,NA,NA
KX397369.1,"Erwinia phage vB_EamM_Kwan, complete genome",246390,52.10154632899062,8,285,NA,NA,NA
NC_042056.1,"Erwinia phage vB_EamM_Machina, complete genome",241654,51.01343242818245,9,272,NA,NA,NA
NC_061441.1,"Erwinia phage pEa_SNUABM_16, complete genome",266838,49.579520158298294,0,344,NA,NA,NA
FQ482083.1,Erwinia amylovora phage phiEa104 complete genome,84565,43.83018979483238,26,118,NA,NA,NA
NC_073751.1,"Erwinia phage PEar6, complete genome",6608,41.676755447941886,0,11,NA,NA,NA
KX397364.2,"Erwinia phage vB_EamM_Asesino, complete genome",246290,51.211173819481104,12,277,NA,NA,NA
NC_015295.1,"Erwinia phage phiEt88, complete genome",47279,47.32968125383363,1,68,NA,NA,NA
MW812343.1,"Erwinia phage pEa_SNUABM_6, complete genome",240164,50.595010076447764,10,272,NA,NA,NA
KF623294.1,"Erwinia phage PhiEaH1, complete genome",218339,52.3406262738219,0,241,NA,NA,NA
MW384823.1,"Erwinia phage pEa_SNUABM_43, complete genome",241904,51.338134135855555,10,270,NA,NA,NA
MZ443777.1,"Erwinia phage pEa_SNUABM_17, complete genome",263916,49.00043953379106,0,330,NA,NA,NA
NC_061451.1,"Erwinia phage pEa_SNUABM_7, complete genome",265635,48.953639392399346,0,346,NA,NA,NA
KY448244.1,"Erwinia phage vB_EamM_Yoloswag, complete genome",259700,46.91490180978052,0,333,NA,NA,NA
LN624108.1,Erwinia phage Ea4 RAPD fragment M47-A07,121,42.14876033057851,0,0,NA,NA,NA
KT881240.1,"Erwinia amylovora phage phi-EaH2A terminase large subunit gene, partial cds",978,43.66053169734151,0,1,NA,NA,NA
NC_061450.1,"Erwinia phage pEa_SNUABM_5, complete genome",267169,48.857464750775726,0,352,NA,NA,NA
FQ482084.1,Erwinia amylovora phage phiEa1H complete genome,45522,49.681472694521325,0,50,NA,NA,NA
FQ482085.1,Erwinia tasmaniensis phage phiEt88 complete genome,47279,47.32968125383363,1,68,NA,NA,NA
OQ181210.1,"Erwinia phage Kuerle, complete genome",75599,48.017830923689466,7,85,NA,NA,NA
MH426726.1,"Erwinia phage Pavtok, complete genome",61401,61.9827038647579,0,62,NA,NA,NA
NC_031127.1,"Erwinia phage vB_EamM_Huxley, complete genome",240761,51.06931770511005,9,271,NA,NA,NA
OQ818697.1,"Erwinia phage Farigoule, complete genome",53820,44.29208472686734,0,76,NA,NA,NA
KX397370.1,"Erwinia phage Machina, complete genome",241654,51.01343242818245,9,272,NA,NA,NA
NC_047815.1,"Erwinia phage vB_EamM_Yoloswag, complete genome",259700,46.91490180978052,0,333,NA,NA,NA
MF459647.1,"Erwinia phage vB_EamM_Joad, complete genome",235374,48.29377926194057,0,245,NA,NA,NA
MZ443773.1,"Erwinia phage pEa_SNUABM_31, complete genome",265846,49.51550897888251,0,335,NA,NA,NA
NC_048702.1,"Erwinia phage vB_EamM-Bue1, complete genome",164037,50.20391740887726,1,175,NA,NA,NA
NC_019510.1,"Erwinia phage vB_EamP-L1, complete genome",39282,51.93727406954839,0,51,NA,NA,NA
MZ443789.1,"Erwinia phage pEa_SNUABM_36, complete genome",261689,49.16790541444234,0,336,NA,NA,NA
NC_047995.1,"Erwinia phage vB_EamM_Alexandra, complete genome",266532,50.12643885162007,0,345,NA,NA,NA
HQ728266.1,"Erwinia phage vB_EamP-S6, complete genome",74669,52.08989004807886,0,115,NA,NA,NA
NC_042018.1,"Erwinia phage vB_EamM_RisingSun, complete genome",235108,48.318219711792025,0,243,NA,NA,NA
MK514281.1,"Erwinia phage Rebecca, complete genome",273731,49.810580460378986,1,319,NA,NA,NA
NC_061446.1,"Erwinia phage pEa_SNUABM_30, complete genome",259771,49.29842053193005,0,330,NA,NA,NA
OP480062.1,"Erwinia phage pEa_SNUABM_55, complete genome",146979,48.768871743582416,25,247,NA,NA,NA
MZ443779.1,"Erwinia phage pEa_SNUABM_33, complete genome",263237,49.32627252247974,0,340,NA,NA,NA
MH248138.1,"Erwinia phage vB_EamM_Alexandra, complete genome",266532,50.12643885162007,0,345,NA,NA,NA
MN850592.1,"Escherichia phage aldrigsur, complete genome",42379,55.72571320701291,0,54,NA,NA,NA
MW366843.1,"Erwinia phage pEa_SNUABM_5, complete genome",267169,48.857464750775726,0,352,NA,NA,NA
MT901799.1,"Erwinia phage PEar4, complete genome",6801,41.655638876635784,0,10,NA,NA,NA
MF459646.1,"Erwinia phage vB_EamM_RisingSun, complete genome",235108,48.318219711792025,0,243,NA,NA,NA
MZ443776.1,"Erwinia phage pEa_SNUABM_1, complete genome",266939,49.44687737647927,0,337,NA,NA,NA
OM486945.2,"Erwinia phage VyarbaL, complete genome",44768,49.7743924231594,0,49,NA,NA,NA
MG655267.1,"Erwinia phage vB_EamM_Bosolaphorus, complete genome",272228,49.837636099152185,1,320,NA,NA,NA
MZ475891.1,"Erwinia phage pEa_SNUABM_13, complete genome",264714,48.925255181063335,1,343,NA,NA,NA
KU886223.1,"Erwinia phage vB_EamM_Simmy50, complete genome",271088,49.85465974148616,1,322,NA,NA,NA
MH191398.1,"Erwinia phage Faunus, complete genome",54065,43.64931101451956,0,78,NA,NA,NA
NC_061445.1,"Erwinia phage pEa_SNUABM_3, complete genome",266175,49.503146426223346,0,339,NA,NA,NA
MG655268.1,"Erwinia phage vB_EamM_Desertfox, complete genome",272458,49.87667824031593,0,320,NA,NA,NA
MK163347.1,"Erwinia phage QceA2 major capsid protein gene, partial cds",288,48.95833333333333,0,1,NA,NA,NA
NC_047743.1,Burkholderia phage Bp-AMP1 complete genome,42409,61.748685420547524,0,42,NA,NA,NA
OQ818696.1,"Erwinia phage Calisson, complete genome",54556,44.35992374807537,0,84,NA,NA,NA
KX397367.1,"Erwinia phage vB_EamM_EarlPhillipIV, complete genome",223935,50.588786924777274,0,241,NA,NA,NA
NC_061442.1,"Erwinia phage pEa_SNUABM_35, complete genome",261719,49.16723661637099,0,336,NA,NA,NA
OM522317.2,"Erwinia phage Hena2, complete genome",84251,43.451116307224844,26,114,NA,NA,NA
MW879340.1,"Erwinia phage pEa_SNUABM_48, complete genome",294405,49.51716173298687,2,356,NA,NA,NA
NC_015292.1,"Erwinia phage phiEa104, complete genome",84565,43.83018979483238,26,118,NA,NA,NA
OP729297.1,"Erwinia phage vB_Ea_2910A, complete genome",262854,49.32890501951654,0,334,NA,NA,NA
NC_015464.1,"Campylobacter phage NCTC12673, complete genome",135041,26.153538554957382,3,166,NA,NA,NA
OQ818698.1,"Erwinia phage Fougasse, complete genome",54213,44.40078947853836,0,79,NA,NA,NA
FN666575.1,Erwinia amylovora ATCC 49946 chromosomal sequence,3805874,53.60019800970816,78,3483,NA,NA,NA
HG796220.1,Burkholderia phage Bp-AMP3 complete genome,41882,61.77355427152476,0,40,NA,NA,NA
HG793132.1,Burkholderia phage Bp-AMP1 complete genome,42409,61.748685420547524,0,42,NA,NA,NA
MT939486.1,"Erwinia phage pEa_SNUABM_12, complete genome",358115,34.40961702246485,33,546,NA,NA,NA
MZ475894.1,"Erwinia phage pEa_SNUABM_46, complete genome",263817,48.963107002202285,0,341,NA,NA,NA
MZ443787.1,"Erwinia phage pEa_SNUABM_39, complete genome",265365,49.36935918451943,0,337,NA,NA,NA
MG973030.1,"Erwinia phage vB_EamM-Bue1, complete genome",164037,50.20391740887726,1,175,NA,NA,NA
NC_061444.1,"Erwinia phage pEa_SNUABM_32, complete genome",265891,49.18594461640296,0,336,NA,NA,NA
MW349138.1,"Erwinia phage pEa_SNUABM_27, complete genome",53014,44.067604783642054,1,77,NA,NA,NA
NC_041974.1,"Erwinia phage vB_EamM_Simmy50, complete genome",271088,49.85465974148616,1,322,NA,NA,NA
NC_055743.1,"Erwinia phage Cronus, complete genome",175774,38.37768953315052,22,291,NA,NA,NA
MG655270.1,"Erwinia phage vB_EamM_Mortimer, complete genome",273914,49.81454033017663,1,324,NA,NA,NA
MW879344.1,"Erwinia phage pEa_SNUABM_49, complete genome",358049,34.368480291803635,33,554,NA,NA,NA
MN850608.1,"Escherichia phage megetsur, complete genome",42132,55.77470806038166,0,54,NA,NA,NA
KU886224.1,"Erwinia phage vB_EamM_RAY, complete genome",271182,49.87241041072048,1,317,NA,NA,NA
MW812339.1,"Erwinia phage pEa_SNUABM_29, complete genome",248836,50.29055281390152,4,283,NA,NA,NA
OQ818700.1,"Erwinia phage Navette, complete genome",53843,44.431030960384824,0,76,NA,NA,NA
MZ475892.1,"Erwinia phage pEa_SNUABM_34, complete genome",264306,48.95537747913403,0,341,NA,NA,NA
MH059636.2,"Erwinia phage Cronus, complete genome",175774,38.37768953315052,22,291,NA,NA,NA
OQ818702.1,"Erwinia phage Orgeat, complete genome",53582,44.4533612033892,0,78,NA,NA,NA
OP743926.1,"Erwinia phage Stean, complete genome",61112,61.89128158135881,0,61,NA,NA,NA
OP991903.1,"Erwinia phage vB_Ea277G, complete genome",218506,52.355999377591466,0,249,NA,NA,NA
KX098391.1,"Erwinia phage vB_EamP_Gutmeister, complete genome",71173,46.927908055020865,8,84,NA,NA,NA
MG655269.1,"Erwinia phage vB_EamM_MadMel, complete genome",275000,49.73818181818182,0,321,NA,NA,NA
MZ443782.1,"Erwinia phage pEa_SNUABM_16, complete genome",266838,49.579520158298294,0,344,NA,NA,NA
MZ443772.1,"Erwinia phage pEa_SNUABM_23, complete genome",265846,49.51550897888251,0,336,NA,NA,NA
OQ818695.1,"Erwinia phage Berlingot, complete genome",53494,44.43488989419374,0,78,NA,NA,NA
OQ818706.1,"Erwinia phage Pistou, complete genome",84539,43.74549024710488,26,115,NA,NA,NA
NC_031120.1,"Erwinia phage vB_EamM_Caitlin, complete genome",241147,52.16983831438915,7,271,NA,NA,NA
MN850568.1,"Escherichia phage altidsur, complete genome",42197,55.7172310827784,0,54,NA,NA,NA
MZ443788.1,"Erwinia phage pEa_SNUABM_35, complete genome",261719,49.16723661637099,0,336,NA,NA,NA
NC_049510.1,"Erwinia phage phiEaP-8, complete genome",75929,46.84112789579739,5,78,NA,NA,NA
KU886225.1,"Erwinia phage vB_EamM_Deimos-Minion, complete genome",273501,49.86087802238383,0,324,NA,NA,NA
MW879342.1,"Erwinia phage pEa_SNUABM_19, complete genome",355277,34.455087157344835,35,550,NA,NA,NA
MT939488.1,"Erwinia phage pEa_SNUABM_50, complete genome",356948,34.44731445476652,34,540,NA,NA,NA
ON715521.2,"Erwinia phage Stepyanka, complete genome",39314,51.91280459887063,0,50,NA,NA,NA
MZ475898.1,"Erwinia phage pEa_SNUABM_25, complete genome",263017,48.98086435477555,0,340,NA,NA,NA
NC_041978.1,"Erwinia phage vB_EamM-M7, complete genome",84694,43.386780645618344,0,117,NA,NA,NA
HQ728264.1,"Erwinia phage vB_EamM-Y2, complete genome",56621,44.229172921707494,0,92,NA,NA,NA
MW812342.1,"Erwinia phage pEa_SNUABM_10, complete genome",238920,51.416792231709366,11,270,NA,NA,NA
MG736918.1,"Erwinia phage vB_EamP-S2, complete genome",45495,49.79228486646885,0,49,NA,NA,NA
MH426724.1,"Erwinia phage Wellington, complete genome",244950,52.114717289242705,8,287,NA,NA,NA
MW879343.1,"Erwinia phage pEa_SNUABM_44, complete genome",356749,34.45503701481994,35,550,NA,NA,NA
MW845760.1,"Erwinia phage pEa_SNUABM_37, complete genome",294404,49.5173299275825,2,356,NA,NA,NA
NC_023557.1,"Erwinia phage Ea35-70, complete genome",271084,49.88084874061177,1,318,NA,NA,NA
GU296433.1,"Campylobacter phage NCTC12673, complete genome",135041,26.153538554957382,3,166,NA,NA,NA
MN850570.1,"Escherichia phage mellemsur, complete genome",40770,55.815550649987735,0,48,NA,NA,NA
NC_013971.1,"Erwinia amylovora ATCC 49946, complete sequence",3805874,NA,0,0,NA,NA,NA
NC_048828.1,"Erwinia phage Hena1, complete genome",148842,48.404348235041184,26,240,NA,NA,NA
MZ616364.1,"Erwinia phage KEY, complete genome",115651,39.02603522667336,27,182,NA,NA,NA
JX316028.1,"Erwinia phage phiEaH2, complete genome",243050,51.28985805389837,0,262,NA,NA,NA
NC_047978.1,"Erwinia phage Faunus, complete genome",54065,43.64931101451956,0,78,NA,NA,NA
GU393987.1,Caulobacter phage Cd1 genomic sequence,41581,61.2130540391044,0,47,NA,NA,NA
NC_070921.1,"Erwinia phage Pavtok, complete genome",61401,61.9827038647579,0,62,NA,NA,NA
MW845758.1,"Erwinia phage pEa_SNUABM_11, complete genome",251480,50.71456974709718,12,286,NA,NA,NA
OP764599.1,"Erwinia phage pEa_SNUABM_57, complete genome",39175,49.909380982769626,0,45,NA,NA,NA
NC_048016.1,"Erwinia phage Wellington, complete genome",244950,52.114717289242705,8,287,NA,NA,NA
MZ475897.1,"Erwinia phage pEa_SNUABM_21, complete genome",265102,48.967189987250194,0,342,NA,NA,NA
MT901800.1,"Erwinia phage PEar6, complete genome",6608,41.676755447941886,0,11,NA,NA,NA
MZ443785.1,"Erwinia phage pEa_SNUABM_22, complete genome",265146,49.568916747754066,0,342,NA,NA,NA
MP882720.1,Sequence 95 from Patent WO2020243026,15,40.0,0,0,NA,NA,NA
OQ818699.1,"Erwinia phage Mauresque, complete genome",54190,44.40118102971028,0,78,NA,NA,NA
MT939487.1,"Erwinia phage pEa_SNUABM_47, complete genome",355376,34.482069695196074,35,540,NA,NA,NA
NC_031107.2,"Erwinia phage vB_EamM_Asesino, complete genome",246290,51.211173819481104,12,277,NA,NA,NA
MW845759.1,"Erwinia phage pEa_SNUABM_38, complete genome",224179,50.63721401201718,0,239,NA,NA,NA
KT907049.1,"Erwinia amylovora phage phi-EaH5K putative tape measure protein gene, partial cds",605,48.264462809917354,0,1,NA,NA,NA
OK073976.1,"Erwinia phage Fifi44, complete genome",53559,43.951530088313824,0,78,NA,NA,NA
NC_041975.1,"Erwinia phage vB_EamM_Special G, complete genome",273224,49.79101396656224,0,321,NA,NA,NA
NC_019504.1,"Erwinia phage vB_EamM-Y2, complete genome",56621,44.229172921707494,0,92,NA,NA,NA
OQ818707.1,"Erwinia phage Rouille, complete genome",84356,43.427853383280386,26,114,NA,NA,NA
NC_041972.1,"Erwinia phage vB_EamM_Deimos-Minion, complete genome",273501,49.86087802238383,0,324,NA,NA,NA
MK163350.1,"Erwinia phage QceB10 major capsid protein gene, partial cds",444,48.873873873873876,0,1,NA,NA,NA
OQ818709.1,"Erwinia phage Tian, complete genome",85232,43.795757461986106,26,117,NA,NA,NA
NC_013693.1,"Shigella phage phiSboM-AG3, complete genome",158006,50.398086148627264,4,216,NA,NA,NA
KX397371.1,"Erwinia phage vB_EamM_Parshik, complete genome",241050,51.037544077992116,10,271,NA,NA,NA
MZ443786.1,"Erwinia phage pEa_SNUABM_2, complete genome",265442,49.37877201045803,0,336,NA,NA,NA
OQ818704.1,"Erwinia phage Papaline, complete genome",54761,44.288818684830446,0,83,NA,NA,NA
MH160392.1,"Erwinia phage phiEaP8, complete genome",75929,46.84112789579739,5,78,NA,NA,NA
EF160123.1,"Erwinia amylovora phage Era103, complete genome",45445,49.838266035867534,0,53,NA,NA,NA
NC_061449.1,"Erwinia phage pEa_SNUABM_17, complete genome",263916,49.00043953379106,0,330,NA,NA,NA
NC_061440.1,"Erwinia phage pEa_SNUABM_22, complete genome",265146,49.568916747754066,0,342,NA,NA,NA
KY984068.1,"Erwinia phage vB_EamM_Y3, complete genome",261365,47.17808428825589,0,333,NA,NA,NA
NC_061443.1,"Erwinia phage pEa_SNUABM_2, complete genome",265442,49.37877201045803,0,336,NA,NA,NA
MZ443780.1,"Erwinia phage pEa_SNUABM_40, complete genome",267121,49.472336506676754,0,341,NA,NA,NA
MZ443771.1,"Erwinia phage pEa_SNUABM_20, complete genome",265871,49.50822015187817,0,337,NA,NA,NA
FQ857195.1,"Erwinia phage phiEa116, WORKING DRAFT SEQUENCE, 6 unordered pieces",56092,43.60158311345646,26,58,NA,NA,NA
NC_047880.1,"Erwinia phage vB_EamM_Y3, complete genome",261365,47.17808428825589,0,333,NA,NA,NA
KT881241.1,"Erwinia amylovora phage phi-EaH2A hypothetical protein gene, partial cds",606,48.18481848184818,0,1,NA,NA,NA
