Filename,Query,Subject,Identity,Alignment_length,Mismatches,Gap_opens,Query_start,Query_end,Subject_start,Subject_end,E-value,Bit_score
GCA_023184275.1_ASM2318427v1_genomic,JAJTMN010000008.1,waaQ1,100.000,1014,0,0,69219,70232,1014,1,0.0,1873
GCA_023184275.1_ASM2318427v1_genomic,JAJTMN010000008.1,waaD,100.000,933,0,0,57330,58262,1,933,0.0,1724
GCA_023183075.1_ASM2318307v1_genomic,JAJTKF010000008.1,waaQ1,100.000,1014,0,0,69219,70232,1014,1,0.0,1873
GCA_023183075.1_ASM2318307v1_genomic,JAJTKF010000008.1,waaD,100.000,933,0,0,57330,58262,1,933,0.0,1724
GCF_012980845.1_ASM1298084v1_genomic,NZ_CP050263.1,waaQ1,100.000,1014,0,0,107859,108872,1,1014,0.0,1873
GCF_012980845.1_ASM1298084v1_genomic,NZ_CP050263.1,waaD,100.000,933,0,0,119829,120761,933,1,0.0,1724
GCF_023183355.1_ASM2318335v1_genomic,NZ_JAJTKS010000008.1,waaQ1,100.000,1014,0,0,61384,62397,1,1014,0.0,1873
GCF_023183355.1_ASM2318335v1_genomic,NZ_JAJTKS010000008.1,waaD,100.000,933,0,0,73354,74286,933,1,0.0,1724
GCF_012371755.1_ASM1237175v1_genomic,NZ_JAAEVY010000002.1,waaQ1,99.901,1014,1,0,69145,70158,1014,1,0.0,1868
GCF_012371755.1_ASM1237175v1_genomic,NZ_JAAEVY010000002.1,waaD,99.786,933,2,0,57256,58188,1,933,0.0,1712
GCF_012367175.1_ASM1236717v1_genomic,NZ_JAAEVG010000007.1,waaQ1,99.704,1014,3,0,12335,13348,1,1014,0.0,1857
GCF_012367175.1_ASM1236717v1_genomic,NZ_JAAEVG010000007.1,waaD,98.607,933,13,0,22951,23883,933,1,0.0,1652
GCF_012367545.1_ASM1236754v1_genomic,NZ_JAAEWB010000026.1,waaQ1,100.000,1014,0,0,61500,62513,1,1014,0.0,1873
GCF_012367545.1_ASM1236754v1_genomic,NZ_JAAEWB010000026.1,waaD,99.893,933,1,0,73470,74402,933,1,0.0,1718
GCA_023612695.1_ASM2361269v1_genomic,CP076591.1,waaQ1,100.000,1014,0,0,2611249,2612262,1,1014,0.0,1873
GCA_023612695.1_ASM2361269v1_genomic,CP076591.1,waaD,100.000,933,0,0,2623219,2624151,933,1,0.0,1724
GCF_012367945.1_ASM1236794v1_genomic,NZ_JAAEXC010000010.1,waaQ1,100.000,1014,0,0,14705,15718,1,1014,0.0,1873
GCF_012367945.1_ASM1236794v1_genomic,NZ_JAAEXC010000010.1,waaD,100.000,933,0,0,26675,27607,933,1,0.0,1724
GCF_023183475.1_ASM2318347v1_genomic,NZ_JAJTKZ010000008.1,waaQ1,100.000,1014,0,0,61384,62397,1,1014,0.0,1873
GCF_023183475.1_ASM2318347v1_genomic,NZ_JAJTKZ010000008.1,waaD,100.000,933,0,0,73354,74286,933,1,0.0,1724
GCA_023184165.1_ASM2318416v1_genomic,JAJTMF010000008.1,waaQ1,100.000,1014,0,0,61384,62397,1,1014,0.0,1873
GCA_023184165.1_ASM2318416v1_genomic,JAJTMF010000008.1,waaD,100.000,933,0,0,73354,74286,933,1,0.0,1724
GCA_023183755.1_ASM2318375v1_genomic,JAJTLK010000008.1,waaQ1,100.000,1014,0,0,69219,70232,1014,1,0.0,1873
GCA_023183755.1_ASM2318375v1_genomic,JAJTLK010000008.1,waaD,100.000,933,0,0,57330,58262,1,933,0.0,1724
GCF_002732205.1_ASM273220v1_genomic,NZ_NQJO01000001.1,waaQ1,100.000,1014,0,0,3718238,3719251,1014,1,0.0,1873
GCF_002732205.1_ASM273220v1_genomic,NZ_NQJO01000001.1,waaD,99.893,933,1,0,3706349,3707281,1,933,0.0,1718
GCF_012368315.1_ASM1236831v1_genomic,NZ_JAAEXW010000030.1,waaQ1,100.000,1014,0,0,69140,70153,1014,1,0.0,1873
GCF_012368315.1_ASM1236831v1_genomic,NZ_JAAEXW010000030.1,waaD,100.000,933,0,0,57251,58183,1,933,0.0,1724
GCF_012367695.2_ASM1236769v1_genomic,NZ_JAAEWL010000031.1,waaQ1,100.000,1014,0,0,69140,70153,1014,1,0.0,1873
GCF_012367695.2_ASM1236769v1_genomic,NZ_JAAEWL010000031.1,waaD,100.000,933,0,0,57251,58183,1,933,0.0,1724
GCA_019967115.1_ASM1996711v1_genomic,JAIMFX010000012.1,waaQ1,100.000,1014,0,0,69302,70315,1014,1,0.0,1873
GCA_019967115.1_ASM1996711v1_genomic,JAIMFX010000012.1,waaD,100.000,933,0,0,57413,58345,1,933,0.0,1724
GCA_012980765.1_ASM1298076v1_genomic,CP050240.1,waaQ1,100.000,1014,0,0,107859,108872,1,1014,0.0,1873
GCA_012980765.1_ASM1298076v1_genomic,CP050240.1,waaD,100.000,933,0,0,119829,120761,933,1,0.0,1724
GCF_000367605.1_ASM36760v2_genomic,NZ_CAPA01000002.1,waaQ1,100.000,1014,0,0,61339,62352,1,1014,0.0,1873
GCF_000367605.1_ASM36760v2_genomic,NZ_CAPA01000002.1,waaD,100.000,933,0,0,73309,74241,933,1,0.0,1724
GCF_022811485.1_ASM2281148v1_genomic,NZ_CP063805.1,waaQ1,100.000,1014,0,0,2708191,2709204,1014,1,0.0,1873
GCF_022811485.1_ASM2281148v1_genomic,NZ_CP063805.1,waaD,99.893,933,1,0,2696302,2697234,1,933,0.0,1718
GCF_025987825.1_ASM2598782v1_genomic,NZ_CP104025.1,waaQ1,100.000,1014,0,0,107863,108876,1,1014,0.0,1873
GCF_025987825.1_ASM2598782v1_genomic,NZ_CP104025.1,waaD,100.000,933,0,0,119833,120765,933,1,0.0,1724
GCF_012367655.1_ASM1236765v1_genomic,NZ_JAAEWH010000034.1,waaQ1,100.000,1014,0,0,48412,49425,1,1014,0.0,1873
GCF_012367655.1_ASM1236765v1_genomic,NZ_JAAEWH010000034.1,waaD,99.893,933,1,0,60382,61314,933,1,0.0,1718
GCF_002732445.1_ASM273244v1_genomic,NZ_NQJU01000058.1,waaQ1,100.000,1014,0,0,69352,70365,1014,1,0.0,1873
GCF_002732445.1_ASM273244v1_genomic,NZ_NQJU01000058.1,waaD,99.893,933,1,0,57463,58395,1,933,0.0,1718
GCF_012367265.1_ASM1236726v1_genomic,NZ_JAAEVL010000027.1,waaQ1,100.000,1014,0,0,61305,62318,1,1014,0.0,1873
GCF_012367265.1_ASM1236726v1_genomic,NZ_JAAEVL010000027.1,waaD,100.000,933,0,0,73275,74207,933,1,0.0,1724
GCF_019967075.1_ASM1996707v1_genomic,NZ_JAIMFV010000011.1,waaQ1,100.000,1014,0,0,61361,62374,1,1014,0.0,1873
GCF_019967075.1_ASM1996707v1_genomic,NZ_JAIMFV010000011.1,waaD,100.000,933,0,0,73331,74263,933,1,0.0,1724
GCF_023184005.1_ASM2318400v1_genomic,NZ_JAJTMA010000008.1,waaQ1,100.000,1014,0,0,61384,62397,1,1014,0.0,1873
GCF_023184005.1_ASM2318400v1_genomic,NZ_JAJTMA010000008.1,waaD,100.000,933,0,0,73354,74286,933,1,0.0,1724
GCF_023183635.1_ASM2318363v1_genomic,NZ_JAJTLD010000009.1,waaQ1,100.000,1014,0,0,61384,62397,1,1014,0.0,1873
GCF_023183635.1_ASM2318363v1_genomic,NZ_JAJTLD010000009.1,waaD,100.000,933,0,0,73354,74286,933,1,0.0,1724
GCF_023184435.1_ASM2318443v1_genomic,NZ_JAJTJR010000008.1,waaQ1,100.000,1014,0,0,69324,70337,1014,1,0.0,1873
GCF_023184435.1_ASM2318443v1_genomic,NZ_JAJTJR010000008.1,waaD,100.000,933,0,0,57435,58367,1,933,0.0,1724
GCF_012368155.1_ASM1236815v1_genomic,NZ_JAAEXO010000034.1,waaQ1,100.000,1014,0,0,61354,62367,1,1014,0.0,1873
GCF_012368155.1_ASM1236815v1_genomic,NZ_JAAEXO010000034.1,waaD,99.893,933,1,0,73324,74256,933,1,0.0,1718
GCA_023183795.1_ASM2318379v1_genomic,JAJTLQ010000008.1,waaQ1,100.000,1014,0,0,61384,62397,1,1014,0.0,1873
GCA_023183795.1_ASM2318379v1_genomic,JAJTLQ010000008.1,waaD,100.000,933,0,0,73354,74286,933,1,0.0,1724
GCF_020546585.1_ASM2054658v1_genomic,NZ_CP063688.1,waaQ1,100.000,1014,0,0,3815965,3816978,1014,1,0.0,1873
GCF_020546585.1_ASM2054658v1_genomic,NZ_CP063688.1,waaD,99.893,933,1,0,3804076,3805008,1,933,0.0,1718
GCF_023183085.1_ASM2318308v1_genomic,NZ_JAJTKE010000008.1,waaQ1,100.000,1014,0,0,61384,62397,1,1014,0.0,1873
GCF_023183085.1_ASM2318308v1_genomic,NZ_JAJTKE010000008.1,waaD,100.000,933,0,0,73354,74286,933,1,0.0,1724
GCF_023184285.1_ASM2318428v1_genomic,NZ_JAJTML010000008.1,waaQ1,100.000,1014,0,0,69219,70232,1014,1,0.0,1873
GCF_023184285.1_ASM2318428v1_genomic,NZ_JAJTML010000008.1,waaD,100.000,933,0,0,57330,58262,1,933,0.0,1724
GCF_012367415.1_ASM1236741v1_genomic,NZ_JAAEVS010000035.1,waaQ1,99.704,1014,3,0,67747,68760,1014,1,0.0,1857
GCF_012367415.1_ASM1236741v1_genomic,NZ_JAAEVS010000035.1,waaD,98.499,933,14,0,57212,58144,1,933,0.0,1646
GCF_012371915.1_ASM1237191v1_genomic,NZ_JAAEWV010000017.1,waaQ1,100.000,1014,0,0,61306,62319,1,1014,0.0,1873
GCF_012371915.1_ASM1237191v1_genomic,NZ_JAAEWV010000017.1,waaD,100.000,933,0,0,73276,74208,933,1,0.0,1724
GCA_023184035.1_ASM2318403v1_genomic,JAJTLZ010000008.1,waaQ1,100.000,1014,0,0,69219,70232,1014,1,0.0,1873
GCA_023184035.1_ASM2318403v1_genomic,JAJTLZ010000008.1,waaD,100.000,933,0,0,57330,58262,1,933,0.0,1724
GCA_023183605.1_ASM2318360v1_genomic,JAJTLG010000008.1,waaQ1,100.000,1014,0,0,61384,62397,1,1014,0.0,1873
GCA_023183605.1_ASM2318360v1_genomic,JAJTLG010000008.1,waaD,100.000,933,0,0,73354,74286,933,1,0.0,1724
GCF_020882215.1_ASM2088221v1_genomic,NZ_CP063694.1,waaQ1,100.000,1014,0,0,3117881,3118894,1,1014,0.0,1873
GCF_020882215.1_ASM2088221v1_genomic,NZ_CP063694.1,waaD,99.893,933,1,0,3129851,3130783,933,1,0.0,1718
GCA_023182995.1_ASM2318299v1_genomic,JAJTKB010000008.1,waaQ1,100.000,1014,0,0,61384,62397,1,1014,0.0,1873
GCA_023182995.1_ASM2318299v1_genomic,JAJTKB010000008.1,waaD,100.000,933,0,0,73354,74286,933,1,0.0,1724
GCF_012367815.1_ASM1236781v1_genomic,NZ_JAAEWY010000043.1,waaQ1,100.000,1014,0,0,66362,67375,1014,1,0.0,1873
GCF_012367815.1_ASM1236781v1_genomic,NZ_JAAEWY010000043.1,waaD,99.893,933,1,0,54473,55405,1,933,0.0,1718
GCF_023183115.1_ASM2318311v1_genomic,NZ_JAJTKI010000008.1,waaQ1,100.000,1014,0,0,61384,62397,1,1014,0.0,1873
GCF_023183115.1_ASM2318311v1_genomic,NZ_JAJTKI010000008.1,waaD,100.000,933,0,0,73354,74286,933,1,0.0,1724
GCA_023612655.1_ASM2361265v1_genomic,CP076589.1,waaQ1,100.000,1014,0,0,3786443,3787456,1014,1,0.0,1873
GCA_023612655.1_ASM2361265v1_genomic,CP076589.1,waaD,100.000,933,0,0,3774554,3775486,1,933,0.0,1724
GCF_012371885.1_ASM1237188v1_genomic,NZ_JAAEWU010000023.1,waaQ1,100.000,1014,0,0,69809,70822,1,1014,0.0,1873
GCF_012371885.1_ASM1237188v1_genomic,NZ_JAAEWU010000023.1,waaD,100.000,933,0,0,81779,82711,933,1,0.0,1724
GCF_012367585.1_ASM1236758v1_genomic,NZ_JAAEWG010000025.1,waaQ1,99.606,1014,4,0,67747,68760,1014,1,0.0,1851
GCF_012367585.1_ASM1236758v1_genomic,NZ_JAAEWG010000025.1,waaD,98.607,933,13,0,57212,58144,1,933,0.0,1652
GCF_012367705.1_ASM1236770v1_genomic,NZ_JAAEWN010000021.1,waaQ1,100.000,1014,0,0,61305,62318,1,1014,0.0,1873
GCF_012367705.1_ASM1236770v1_genomic,NZ_JAAEWN010000021.1,waaD,100.000,933,0,0,73275,74207,933,1,0.0,1724
GCF_002732315.1_ASM273231v1_genomic,NZ_NQKB01000001.1,waaQ1,100.000,1014,0,0,19370,20383,1,1014,0.0,1873
GCF_002732315.1_ASM273231v1_genomic,NZ_NQKB01000001.1,waaD,99.893,933,1,0,31340,32272,933,1,0.0,1718
GCF_023184195.1_ASM2318419v1_genomic,NZ_JAJTMI010000007.1,waaQ1,100.000,1014,0,0,61384,62397,1,1014,0.0,1873
GCF_023184195.1_ASM2318419v1_genomic,NZ_JAJTMI010000007.1,waaD,100.000,933,0,0,73354,74286,933,1,0.0,1724
GCF_000513355.1_EA_LA637_genomic,NZ_CBVU010000002.1,waaQ1,100.000,1014,0,0,61140,62153,1,1014,0.0,1873
GCF_000513355.1_EA_LA637_genomic,NZ_CBVU010000002.1,waaD,100.000,933,0,0,73110,74042,933,1,0.0,1724
GCF_012371795.1_ASM1237179v1_genomic,NZ_JAAEWJ010000009.1,waaQ1,100.000,1014,0,0,44103,45116,1,1014,0.0,1873
GCF_012371795.1_ASM1237179v1_genomic,NZ_JAAEWJ010000009.1,waaD,100.000,933,0,0,56073,57005,933,1,0.0,1724
GCA_000367545.2_ASM36754v2_genomic,CAOX01000002.1,waaQ1,100.000,1014,0,0,61293,62306,1,1014,0.0,1873
GCA_000367545.2_ASM36754v2_genomic,CAOX01000002.1,waaD,100.000,933,0,0,73263,74195,933,1,0.0,1724
GCA_023183915.1_ASM2318391v1_genomic,JAJTLW010000008.1,waaQ1,100.000,1014,0,0,69219,70232,1014,1,0.0,1873
GCA_023183915.1_ASM2318391v1_genomic,JAJTLW010000008.1,waaD,100.000,933,0,0,57330,58262,1,933,0.0,1724
GCA_017161545.1_ASM1716154v1_genomic,CP066794.1,waaQ1,100.000,1014,0,0,3663717,3664730,1014,1,0.0,1873
GCA_017161545.1_ASM1716154v1_genomic,CP066794.1,waaD,100.000,933,0,0,3651828,3652760,1,933,0.0,1724
GCF_023183375.1_ASM2318337v1_genomic,NZ_JAJTKT010000008.1,waaQ1,100.000,1014,0,0,69219,70232,1014,1,0.0,1873
GCF_023183375.1_ASM2318337v1_genomic,NZ_JAJTKT010000008.1,waaD,100.000,933,0,0,57330,58262,1,933,0.0,1724
GCF_002732425.1_ASM273242v1_genomic,NZ_NQJT01000009.1,waaQ1,100.000,1014,0,0,69352,70365,1014,1,0.0,1873
GCF_002732425.1_ASM273242v1_genomic,NZ_NQJT01000009.1,waaD,99.893,933,1,0,57463,58395,1,933,0.0,1718
GCF_012371775.1_ASM1237177v1_genomic,NZ_JAAEWD010000018.1,waaQ1,100.000,1014,0,0,69100,70113,1014,1,0.0,1873
GCF_012371775.1_ASM1237177v1_genomic,NZ_JAAEWD010000018.1,waaD,99.893,933,1,0,57211,58143,1,933,0.0,1718
GCF_023612715.1_ASM2361271v1_genomic,NZ_CP076592.1,waaQ1,100.000,1014,0,0,1715564,1716577,1014,1,0.0,1873
GCF_023612715.1_ASM2361271v1_genomic,NZ_CP076592.1,waaD,100.000,933,0,0,1703675,1704607,1,933,0.0,1724
GCA_023184255.1_ASM2318425v1_genomic,JAJTMM010000008.1,waaQ1,100.000,1014,0,0,61384,62397,1,1014,0.0,1873
GCA_023184255.1_ASM2318425v1_genomic,JAJTMM010000008.1,waaD,100.000,933,0,0,73354,74286,933,1,0.0,1724
GCA_023182975.1_ASM2318297v1_genomic,JAJTKC010000009.1,waaQ1,100.000,1014,0,0,69219,70232,1014,1,0.0,1873
GCA_023182975.1_ASM2318297v1_genomic,JAJTKC010000009.1,waaD,100.000,933,0,0,57330,58262,1,933,0.0,1724
GCF_023183855.1_ASM2318385v1_genomic,NZ_JAJTLS010000008.1,waaQ1,100.000,1014,0,0,61384,62397,1,1014,0.0,1873
GCF_023183855.1_ASM2318385v1_genomic,NZ_JAJTLS010000008.1,waaD,100.000,933,0,0,73354,74286,933,1,0.0,1724
GCF_012367155.1_ASM1236715v1_genomic,NZ_JAAEVC010000018.1,waaQ1,100.000,1014,0,0,69141,70154,1014,1,0.0,1873
GCF_012367155.1_ASM1236715v1_genomic,NZ_JAAEVC010000018.1,waaD,100.000,933,0,0,57252,58184,1,933,0.0,1724
GCF_012371865.1_ASM1237186v1_genomic,NZ_JAAEWR010000019.1,waaQ1,100.000,1014,0,0,69140,70153,1014,1,0.0,1873
GCF_012371865.1_ASM1237186v1_genomic,NZ_JAAEWR010000019.1,waaD,100.000,933,0,0,57251,58183,1,933,0.0,1724
GCF_000027205.1_ASM2720v1_genomic,NC_013971.1,waaQ1,100.000,1014,0,0,107859,108872,1,1014,0.0,1873
GCF_000027205.1_ASM2720v1_genomic,NC_013971.1,waaD,100.000,933,0,0,119829,120761,933,1,0.0,1724
GCA_023184145.1_ASM2318414v1_genomic,JAJTMD010000008.1,waaQ1,100.000,1014,0,0,69219,70232,1014,1,0.0,1873
GCA_023184145.1_ASM2318414v1_genomic,JAJTMD010000008.1,waaD,100.000,933,0,0,57330,58262,1,933,0.0,1724
GCA_023183775.1_ASM2318377v1_genomic,JAJTLN010000008.1,waaQ1,100.000,1014,0,0,70421,71434,1014,1,0.0,1873
GCA_023183775.1_ASM2318377v1_genomic,JAJTLN010000008.1,waaD,100.000,933,0,0,58532,59464,1,933,0.0,1724
GCA_000513395.1_EA_LA636_genomic,CBVT010000002.1,waaQ1,100.000,1014,0,0,61140,62153,1,1014,0.0,1873
GCA_000513395.1_EA_LA636_genomic,CBVT010000002.1,waaD,100.000,933,0,0,73110,74042,933,1,0.0,1724
GCF_027557715.1_ASM2755771v1_genomic,NZ_CP077850.1,waaQ1,100.000,1014,0,0,312747,313760,1,1014,0.0,1873
GCF_027557715.1_ASM2755771v1_genomic,NZ_CP077850.1,waaD,100.000,933,0,0,324717,325649,933,1,0.0,1724
GCA_028623185.1_ASM2862318v1_genomic,CP117554.1,waaQ1,100.000,1014,0,0,3659271,3660284,1014,1,0.0,1873
GCA_028623185.1_ASM2862318v1_genomic,CP117554.1,waaD,100.000,933,0,0,3647382,3648314,1,933,0.0,1724
GCF_012371465.1_ASM1237146v1_genomic,NZ_JAAEUM010000001.1,waaQ1,100.000,1014,0,0,69146,70159,1014,1,0.0,1873
GCF_012371465.1_ASM1237146v1_genomic,NZ_JAAEUM010000001.1,waaD,99.893,933,1,0,57257,58189,1,933,0.0,1718
GCF_023183455.1_ASM2318345v1_genomic,NZ_JAJTKV010000008.1,waaQ1,100.000,1014,0,0,69219,70232,1014,1,0.0,1873
GCF_023183455.1_ASM2318345v1_genomic,NZ_JAJTKV010000008.1,waaD,100.000,933,0,0,57330,58262,1,933,0.0,1724
GCF_025987805.1_ASM2598780v1_genomic,NZ_CP104022.1,waaQ1,100.000,1014,0,0,107859,108872,1,1014,0.0,1873
GCF_025987805.1_ASM2598780v1_genomic,NZ_CP104022.1,waaD,100.000,933,0,0,119829,120761,933,1,0.0,1724
GCF_012367675.1_ASM1236767v1_genomic,NZ_JAAEWK010000057.1,waaQ1,100.000,1014,0,0,14102,15115,1,1014,0.0,1873
GCF_012367675.1_ASM1236767v1_genomic,NZ_JAAEWK010000057.1,waaD,100.000,933,0,0,26072,27004,933,1,0.0,1724
GCF_016446415.2_ASM1644641v2_genomic,NZ_CP055227.2,waaQ1,100.000,1014,0,0,107391,108404,1,1014,0.0,1873
GCF_016446415.2_ASM1644641v2_genomic,NZ_CP055227.2,waaD,100.000,933,0,0,119361,120293,933,1,0.0,1724
GCF_023182945.1_ASM2318294v1_genomic,NZ_JAJTJZ010000008.1,waaQ1,100.000,1014,0,0,61384,62397,1,1014,0.0,1873
GCF_023182945.1_ASM2318294v1_genomic,NZ_JAJTJZ010000008.1,waaD,100.000,933,0,0,73354,74286,933,1,0.0,1724
GCA_023183535.1_ASM2318353v1_genomic,JAJTKY010000008.1,waaQ1,100.000,1014,0,0,69219,70232,1014,1,0.0,1873
GCA_023183535.1_ASM2318353v1_genomic,JAJTKY010000008.1,waaD,100.000,933,0,0,57330,58262,1,933,0.0,1724
GCA_012980785.1_ASM1298078v1_genomic,CP050258.1,waaQ1,100.000,1014,0,0,107859,108872,1,1014,0.0,1873
GCA_012980785.1_ASM1298078v1_genomic,CP050258.1,waaD,100.000,933,0,0,119829,120761,933,1,0.0,1724
GCF_012368175.1_ASM1236817v1_genomic,NZ_JAAEXN010000011.1,waaQ1,100.000,1014,0,0,61300,62313,1,1014,0.0,1873
GCF_012368175.1_ASM1236817v1_genomic,NZ_JAAEXN010000011.1,waaD,99.893,933,1,0,73270,74202,933,1,0.0,1718
GCF_019967055.1_ASM1996705v1_genomic,NZ_JAIMFY010000016.1,waaQ1,100.000,1014,0,0,69202,70215,1014,1,0.0,1873
GCF_019967055.1_ASM1996705v1_genomic,NZ_JAIMFY010000016.1,waaD,99.893,933,1,0,57313,58245,1,933,0.0,1718
GCA_004023365.1_ASM402336v1_genomic,RQKG01000012.1,waaQ1,100.000,1014,0,0,61411,62424,1,1014,0.0,1873
GCA_004023365.1_ASM402336v1_genomic,RQKG01000012.1,waaD,100.000,933,0,0,73381,74313,933,1,0.0,1724
GCF_002732135.1_ASM273213v1_genomic,NZ_NQJK01000007.1,waaQ1,100.000,1014,0,0,181130,182143,1014,1,0.0,1873
GCF_002732135.1_ASM273213v1_genomic,NZ_NQJK01000007.1,waaD,100.000,933,0,0,169242,170174,1,933,0.0,1724
GCF_023184415.1_ASM2318441v1_genomic,NZ_JAJTMT010000008.1,waaQ1,100.000,1014,0,0,61384,62397,1,1014,0.0,1873
GCF_023184415.1_ASM2318441v1_genomic,NZ_JAJTMT010000008.1,waaD,100.000,933,0,0,73354,74286,933,1,0.0,1724
GCF_023183225.1_ASM2318322v1_genomic,NZ_JAJTKM010000008.1,waaQ1,100.000,1014,0,0,61384,62397,1,1014,0.0,1873
GCF_023183225.1_ASM2318322v1_genomic,NZ_JAJTKM010000008.1,waaD,100.000,933,0,0,73354,74286,933,1,0.0,1724
GCF_023183905.1_ASM2318390v1_genomic,NZ_JAJTLV010000008.1,waaQ1,100.000,1014,0,0,69219,70232,1014,1,0.0,1873
GCF_023183905.1_ASM2318390v1_genomic,NZ_JAJTLV010000008.1,waaD,100.000,933,0,0,57330,58262,1,933,0.0,1724
GCF_023183495.1_ASM2318349v1_genomic,NZ_JAJTLA010000008.1,waaQ1,100.000,1014,0,0,70421,71434,1014,1,0.0,1873
GCF_023183495.1_ASM2318349v1_genomic,NZ_JAJTLA010000008.1,waaD,100.000,933,0,0,58532,59464,1,933,0.0,1724
GCF_002803865.1_ASM280386v1_genomic,NZ_CP024970.1,waaQ1,100.000,1014,0,0,107859,108872,1,1014,0.0,1873
GCF_002803865.1_ASM280386v1_genomic,NZ_CP024970.1,waaD,100.000,933,0,0,119829,120761,933,1,0.0,1724
GCA_023183385.1_ASM2318338v1_genomic,JAJTKW010000008.1,waaQ1,100.000,1014,0,0,69324,70337,1014,1,0.0,1873
GCA_023183385.1_ASM2318338v1_genomic,JAJTKW010000008.1,waaD,100.000,933,0,0,57435,58367,1,933,0.0,1724
GCF_020544325.1_ASM2054432v1_genomic,NZ_CP063697.1,waaQ1,100.000,1014,0,0,113524,114537,1,1014,0.0,1873
GCF_020544325.1_ASM2054432v1_genomic,NZ_CP063697.1,waaD,99.893,933,1,0,125494,126426,933,1,0.0,1718
GCF_000091565.1_ASM9156v1_genomic,NC_013961.1,waaQ1,100.000,1014,0,0,107859,108872,1,1014,0.0,1873
GCF_000091565.1_ASM9156v1_genomic,NC_013961.1,waaD,100.000,933,0,0,119829,120761,933,1,0.0,1724
GCF_023183895.1_ASM2318389v1_genomic,NZ_JAJTLT010000008.1,waaQ1,100.000,1014,0,0,61384,62397,1,1014,0.0,1873
GCF_023183895.1_ASM2318389v1_genomic,NZ_JAJTLT010000008.1,waaD,100.000,933,0,0,73354,74286,933,1,0.0,1724
GCF_012367195.1_ASM1236719v1_genomic,NZ_JAAEVI010000007.1,waaQ1,100.000,1014,0,0,69140,70153,1014,1,0.0,1873
GCF_012367195.1_ASM1236719v1_genomic,NZ_JAAEVI010000007.1,waaD,100.000,933,0,0,57251,58183,1,933,0.0,1724
GCF_023183135.1_ASM2318313v1_genomic,NZ_JAJTKG010000008.1,waaQ1,100.000,1014,0,0,69324,70337,1014,1,0.0,1873
GCF_023183135.1_ASM2318313v1_genomic,NZ_JAJTKG010000008.1,waaD,100.000,933,0,0,57435,58367,1,933,0.0,1724
GCA_023612675.1_ASM2361267v1_genomic,CP076590.1,waaQ1,100.000,1014,0,0,3438262,3439275,1014,1,0.0,1873
GCA_023612675.1_ASM2361267v1_genomic,CP076590.1,waaD,100.000,933,0,0,3426373,3427305,1,933,0.0,1724
GCF_023183505.1_ASM2318350v1_genomic,NZ_JAJTLB010000008.1,waaQ1,100.000,1014,0,0,61384,62397,1,1014,0.0,1873
GCF_023183505.1_ASM2318350v1_genomic,NZ_JAJTLB010000008.1,waaD,100.000,933,0,0,73354,74286,933,1,0.0,1724
GCF_023184335.1_ASM2318433v1_genomic,NZ_JAJTMP010000008.1,waaQ1,100.000,1014,0,0,69219,70232,1014,1,0.0,1873
GCF_023184335.1_ASM2318433v1_genomic,NZ_JAJTMP010000008.1,waaD,100.000,933,0,0,57330,58262,1,933,0.0,1724
GCA_023183215.1_ASM2318321v1_genomic,JAJTKL010000008.1,waaQ1,100.000,1014,0,0,61384,62397,1,1014,0.0,1873
GCA_023183215.1_ASM2318321v1_genomic,JAJTKL010000008.1,waaD,100.000,933,0,0,73354,74286,933,1,0.0,1724
GCF_003992295.1_ASM399229v1_genomic,NZ_MCFB01000070.1,waaQ1,100.000,1014,0,0,69436,70449,1014,1,0.0,1873
GCF_003992295.1_ASM399229v1_genomic,NZ_MCFB01000070.1,waaD,100.000,933,0,0,57547,58479,1,933,0.0,1724
GCA_000367645.1_ASM36764v1_genomic,CAPC01000002.1,waaQ1,100.000,1014,0,0,61339,62352,1,1014,0.0,1873
GCA_000367645.1_ASM36764v1_genomic,CAPC01000002.1,waaD,100.000,933,0,0,73309,74241,933,1,0.0,1724
GCF_012368265.1_ASM1236826v1_genomic,NZ_JAAEXU010000007.1,waaQ1,100.000,1014,0,0,15858,16871,1,1014,0.0,1873
GCF_012368265.1_ASM1236826v1_genomic,NZ_JAAEXU010000007.1,waaD,99.893,933,1,0,27828,28760,933,1,0.0,1718
GCA_019967065.1_ASM1996706v1_genomic,JAIMFW010000015.1,waaQ1,100.000,1014,0,0,69202,70215,1014,1,0.0,1873
GCA_019967065.1_ASM1996706v1_genomic,JAIMFW010000015.1,waaD,99.893,933,1,0,57313,58245,1,933,0.0,1718
GCA_023184295.1_ASM2318429v1_genomic,JAJTMO010000008.1,waaQ1,99.901,1014,1,0,69219,70232,1014,1,0.0,1868
GCA_023184295.1_ASM2318429v1_genomic,JAJTMO010000008.1,waaD,100.000,933,0,0,57330,58262,1,933,0.0,1724
GCA_017161565.1_ASM1716156v1_genomic,CP066796.1,waaQ1,100.000,1014,0,0,3667053,3668066,1014,1,0.0,1873
GCA_017161565.1_ASM1716156v1_genomic,CP066796.1,waaD,100.000,933,0,0,3655164,3656096,1,933,0.0,1724
GCA_023612715.1_ASM2361271v1_genomic,CP076592.1,waaQ1,100.000,1014,0,0,1715564,1716577,1014,1,0.0,1873
GCA_023612715.1_ASM2361271v1_genomic,CP076592.1,waaD,100.000,933,0,0,1703675,1704607,1,933,0.0,1724
GCF_023184255.1_ASM2318425v1_genomic,NZ_JAJTMM010000008.1,waaQ1,100.000,1014,0,0,61384,62397,1,1014,0.0,1873
GCF_023184255.1_ASM2318425v1_genomic,NZ_JAJTMM010000008.1,waaD,100.000,933,0,0,73354,74286,933,1,0.0,1724
GCA_023183375.1_ASM2318337v1_genomic,JAJTKT010000008.1,waaQ1,100.000,1014,0,0,69219,70232,1014,1,0.0,1873
GCA_023183375.1_ASM2318337v1_genomic,JAJTKT010000008.1,waaD,100.000,933,0,0,57330,58262,1,933,0.0,1724
GCF_012368185.1_ASM1236818v1_genomic,NZ_JAAEXP010000027.1,waaQ1,100.000,1014,0,0,61354,62367,1,1014,0.0,1873
GCF_012368185.1_ASM1236818v1_genomic,NZ_JAAEXP010000027.1,waaD,99.893,933,1,0,73324,74256,933,1,0.0,1718
GCF_023182975.1_ASM2318297v1_genomic,NZ_JAJTKC010000009.1,waaQ1,100.000,1014,0,0,69219,70232,1014,1,0.0,1873
GCF_023182975.1_ASM2318297v1_genomic,NZ_JAJTKC010000009.1,waaD,100.000,933,0,0,57330,58262,1,933,0.0,1724
GCA_023183855.1_ASM2318385v1_genomic,JAJTLS010000008.1,waaQ1,100.000,1014,0,0,61384,62397,1,1014,0.0,1873
GCA_023183855.1_ASM2318385v1_genomic,JAJTLS010000008.1,waaD,100.000,933,0,0,73354,74286,933,1,0.0,1724
GCF_012367275.1_ASM1236727v1_genomic,NZ_JAAEVO010000024.1,waaQ1,100.000,1014,0,0,69141,70154,1014,1,0.0,1873
GCF_012367275.1_ASM1236727v1_genomic,NZ_JAAEVO010000024.1,waaD,100.000,933,0,0,57252,58184,1,933,0.0,1724
GCF_012368015.1_ASM1236801v1_genomic,NZ_JAAEXG010000023.1,waaQ1,100.000,1014,0,0,69140,70153,1014,1,0.0,1873
GCF_012368015.1_ASM1236801v1_genomic,NZ_JAAEXG010000023.1,waaD,100.000,933,0,0,57251,58183,1,933,0.0,1724
GCF_028623185.1_ASM2862318v1_genomic,NZ_CP117554.1,waaQ1,100.000,1014,0,0,3659271,3660284,1014,1,0.0,1873
GCF_028623185.1_ASM2862318v1_genomic,NZ_CP117554.1,waaD,100.000,933,0,0,3647382,3648314,1,933,0.0,1724
GCF_002732385.1_ASM273238v1_genomic,NZ_NQJP01000001.1,waaQ1,100.000,1014,0,0,3721595,3722608,1014,1,0.0,1873
GCF_002732385.1_ASM273238v1_genomic,NZ_NQJP01000001.1,waaD,99.893,933,1,0,3709706,3710638,1,933,0.0,1718
GCA_023183455.1_ASM2318345v1_genomic,JAJTKV010000008.1,waaQ1,100.000,1014,0,0,69219,70232,1014,1,0.0,1873
GCA_023183455.1_ASM2318345v1_genomic,JAJTKV010000008.1,waaD,100.000,933,0,0,57330,58262,1,933,0.0,1724
GCF_023184145.1_ASM2318414v1_genomic,NZ_JAJTMD010000008.1,waaQ1,100.000,1014,0,0,69219,70232,1014,1,0.0,1873
GCF_023184145.1_ASM2318414v1_genomic,NZ_JAJTMD010000008.1,waaD,100.000,933,0,0,57330,58262,1,933,0.0,1724
GCF_023183775.1_ASM2318377v1_genomic,NZ_JAJTLN010000008.1,waaQ1,100.000,1014,0,0,70421,71434,1014,1,0.0,1873
GCF_023183775.1_ASM2318377v1_genomic,NZ_JAJTLN010000008.1,waaD,100.000,933,0,0,58532,59464,1,933,0.0,1724
GCA_027557715.1_ASM2755771v1_genomic,CP077850.1,waaQ1,100.000,1014,0,0,312747,313760,1,1014,0.0,1873
GCA_027557715.1_ASM2755771v1_genomic,CP077850.1,waaD,100.000,933,0,0,324717,325649,933,1,0.0,1724
GCA_016446415.2_ASM1644641v2_genomic,CP055227.2,waaQ1,100.000,1014,0,0,107391,108404,1,1014,0.0,1873
GCA_016446415.2_ASM1644641v2_genomic,CP055227.2,waaD,100.000,933,0,0,119361,120293,933,1,0.0,1724
GCF_012371855.1_ASM1237185v1_genomic,NZ_JAAEWS010000023.1,waaQ1,100.000,1014,0,0,61300,62313,1,1014,0.0,1873
GCF_012371855.1_ASM1237185v1_genomic,NZ_JAAEWS010000023.1,waaD,99.893,933,1,0,73270,74202,933,1,0.0,1718
GCF_012367165.1_ASM1236716v1_genomic,NZ_JAAEVE010000022.1,waaQ1,100.000,1014,0,0,69176,70189,1014,1,0.0,1873
GCF_012367165.1_ASM1236716v1_genomic,NZ_JAAEVE010000022.1,waaD,100.000,933,0,0,57287,58219,1,933,0.0,1724
GCA_023182945.1_ASM2318294v1_genomic,JAJTJZ010000008.1,waaQ1,100.000,1014,0,0,61384,62397,1,1014,0.0,1873
GCA_023182945.1_ASM2318294v1_genomic,JAJTJZ010000008.1,waaD,100.000,933,0,0,73354,74286,933,1,0.0,1724
GCA_000091565.1_ASM9156v1_genomic,FN434113.1,waaQ1,100.000,1014,0,0,107859,108872,1,1014,0.0,1873
GCA_000091565.1_ASM9156v1_genomic,FN434113.1,waaD,100.000,933,0,0,119829,120761,933,1,0.0,1724
GCF_012368295.1_ASM1236829v1_genomic,NZ_JAAEXT010000017.1,waaQ1,100.000,1014,0,0,69140,70153,1014,1,0.0,1873
GCF_012368295.1_ASM1236829v1_genomic,NZ_JAAEXT010000017.1,waaD,99.893,933,1,0,57251,58183,1,933,0.0,1718
GCA_025987805.1_ASM2598780v1_genomic,CP104022.1,waaQ1,100.000,1014,0,0,107859,108872,1,1014,0.0,1873
GCA_025987805.1_ASM2598780v1_genomic,CP104022.1,waaD,100.000,933,0,0,119829,120761,933,1,0.0,1724
GCA_019967055.1_ASM1996705v1_genomic,JAIMFY010000016.1,waaQ1,100.000,1014,0,0,69202,70215,1014,1,0.0,1873
GCA_019967055.1_ASM1996705v1_genomic,JAIMFY010000016.1,waaD,99.893,933,1,0,57313,58245,1,933,0.0,1718
GCF_012368255.1_ASM1236825v1_genomic,NZ_JAAEXS010000024.1,waaQ1,100.000,1014,0,0,22683,23696,1,1014,0.0,1873
GCF_012368255.1_ASM1236825v1_genomic,NZ_JAAEXS010000024.1,waaD,99.893,933,1,0,34653,35585,933,1,0.0,1718
GCF_002732245.1_ASM273224v1_genomic,NZ_NQJW01000026.1,waaQ1,100.000,1014,0,0,61461,62474,1,1014,0.0,1873
GCF_002732245.1_ASM273224v1_genomic,NZ_NQJW01000026.1,waaD,100.000,933,0,0,73431,74363,933,1,0.0,1724
GCA_023184415.1_ASM2318441v1_genomic,JAJTMT010000008.1,waaQ1,100.000,1014,0,0,61384,62397,1,1014,0.0,1873
GCA_023184415.1_ASM2318441v1_genomic,JAJTMT010000008.1,waaD,100.000,933,0,0,73354,74286,933,1,0.0,1724
GCA_023183225.1_ASM2318322v1_genomic,JAJTKM010000008.1,waaQ1,100.000,1014,0,0,61384,62397,1,1014,0.0,1873
GCA_023183225.1_ASM2318322v1_genomic,JAJTKM010000008.1,waaD,100.000,933,0,0,73354,74286,933,1,0.0,1724
GCF_012367595.1_ASM1236759v1_genomic,NZ_JAAEWF010000004.1,waaQ1,99.606,1014,4,0,12138,13151,1,1014,0.0,1851
GCF_012367595.1_ASM1236759v1_genomic,NZ_JAAEWF010000004.1,waaD,98.607,933,13,0,22754,23686,933,1,0.0,1652
GCF_023183535.1_ASM2318353v1_genomic,NZ_JAJTKY010000008.1,waaQ1,100.000,1014,0,0,69219,70232,1014,1,0.0,1873
GCF_023183535.1_ASM2318353v1_genomic,NZ_JAJTKY010000008.1,waaD,100.000,933,0,0,57330,58262,1,933,0.0,1724
GCF_012980785.1_ASM1298078v1_genomic,NZ_CP050258.1,waaQ1,100.000,1014,0,0,107859,108872,1,1014,0.0,1873
GCF_012980785.1_ASM1298078v1_genomic,NZ_CP050258.1,waaD,100.000,933,0,0,119829,120761,933,1,0.0,1724
GCF_012367805.1_ASM1236780v1_genomic,NZ_JAAEWT010000003.1,waaQ1,100.000,1014,0,0,61305,62318,1,1014,0.0,1873
GCF_012367805.1_ASM1236780v1_genomic,NZ_JAAEWT010000003.1,waaD,100.000,933,0,0,73275,74207,933,1,0.0,1724
GCF_012371505.1_ASM1237150v1_genomic,NZ_JAAEUP010000012.1,waaQ1,100.000,1014,0,0,69141,70154,1014,1,0.0,1873
GCF_012371505.1_ASM1237150v1_genomic,NZ_JAAEUP010000012.1,waaD,100.000,933,0,0,57252,58184,1,933,0.0,1724
GCF_012367325.1_ASM1236732v1_genomic,NZ_JAAEVM010000013.1,waaQ1,99.704,1014,3,0,12334,13347,1,1014,0.0,1857
GCF_012367325.1_ASM1236732v1_genomic,NZ_JAAEVM010000013.1,waaD,98.607,933,13,0,22950,23882,933,1,0.0,1652
GCA_020544325.1_ASM2054432v1_genomic,CP063697.1,waaQ1,100.000,1014,0,0,113524,114537,1,1014,0.0,1873
GCA_020544325.1_ASM2054432v1_genomic,CP063697.1,waaD,99.893,933,1,0,125494,126426,933,1,0.0,1718
GCF_023183385.1_ASM2318338v1_genomic,NZ_JAJTKW010000008.1,waaQ1,100.000,1014,0,0,69324,70337,1014,1,0.0,1873
GCF_023183385.1_ASM2318338v1_genomic,NZ_JAJTKW010000008.1,waaD,100.000,933,0,0,57435,58367,1,933,0.0,1724
GCF_002732405.1_ASM273240v1_genomic,NZ_NQJS01000035.1,waaQ1,100.000,1014,0,0,61461,62474,1,1014,0.0,1873
GCF_002732405.1_ASM273240v1_genomic,NZ_NQJS01000035.1,waaD,100.000,933,0,0,73431,74363,933,1,0.0,1724
GCA_023183905.1_ASM2318390v1_genomic,JAJTLV010000008.1,waaQ1,100.000,1014,0,0,69219,70232,1014,1,0.0,1873
GCA_023183905.1_ASM2318390v1_genomic,JAJTLV010000008.1,waaD,100.000,933,0,0,57330,58262,1,933,0.0,1724
GCA_023183495.1_ASM2318349v1_genomic,JAJTLA010000008.1,waaQ1,100.000,1014,0,0,70421,71434,1014,1,0.0,1873
GCA_023183495.1_ASM2318349v1_genomic,JAJTLA010000008.1,waaD,100.000,933,0,0,58532,59464,1,933,0.0,1724
GCF_023183215.1_ASM2318321v1_genomic,NZ_JAJTKL010000008.1,waaQ1,100.000,1014,0,0,61384,62397,1,1014,0.0,1873
GCF_023183215.1_ASM2318321v1_genomic,NZ_JAJTKL010000008.1,waaD,100.000,933,0,0,73354,74286,933,1,0.0,1724
GCF_012371615.1_ASM1237161v1_genomic,NZ_JAAEUZ010000026.1,waaQ1,99.704,1014,3,0,12138,13151,1,1014,0.0,1857
GCF_012371615.1_ASM1237161v1_genomic,NZ_JAAEUZ010000026.1,waaD,98.607,933,13,0,22754,23686,933,1,0.0,1652
GCF_012367685.1_ASM1236768v1_genomic,NZ_JAAEWM010000010.1,waaQ1,100.000,1014,0,0,14914,15927,1,1014,0.0,1873
GCF_012367685.1_ASM1236768v1_genomic,NZ_JAAEWM010000010.1,waaD,100.000,933,0,0,26884,27816,933,1,0.0,1724
GCF_019967065.1_ASM1996706v1_genomic,NZ_JAIMFW010000015.1,waaQ1,100.000,1014,0,0,69202,70215,1014,1,0.0,1873
GCF_019967065.1_ASM1996706v1_genomic,NZ_JAIMFW010000015.1,waaD,99.893,933,1,0,57313,58245,1,933,0.0,1718
GCA_023183135.1_ASM2318313v1_genomic,JAJTKG010000008.1,waaQ1,100.000,1014,0,0,69324,70337,1014,1,0.0,1873
GCA_023183135.1_ASM2318313v1_genomic,JAJTKG010000008.1,waaD,100.000,933,0,0,57435,58367,1,933,0.0,1724
GCA_023183895.1_ASM2318389v1_genomic,JAJTLT010000008.1,waaQ1,100.000,1014,0,0,61384,62397,1,1014,0.0,1873
GCA_023183895.1_ASM2318389v1_genomic,JAJTLT010000008.1,waaD,100.000,933,0,0,73354,74286,933,1,0.0,1724
GCA_000513355.1_EA_LA637_genomic,CBVU010000002.1,waaQ1,100.000,1014,0,0,61140,62153,1,1014,0.0,1873
GCA_000513355.1_EA_LA637_genomic,CBVU010000002.1,waaD,100.000,933,0,0,73110,74042,933,1,0.0,1724
GCF_023612675.1_ASM2361267v1_genomic,NZ_CP076590.1,waaQ1,100.000,1014,0,0,3438262,3439275,1014,1,0.0,1873
GCF_023612675.1_ASM2361267v1_genomic,NZ_CP076590.1,waaD,100.000,933,0,0,3426373,3427305,1,933,0.0,1724
GCA_023183505.1_ASM2318350v1_genomic,JAJTLB010000008.1,waaQ1,100.000,1014,0,0,61384,62397,1,1014,0.0,1873
GCA_023183505.1_ASM2318350v1_genomic,JAJTLB010000008.1,waaD,100.000,933,0,0,73354,74286,933,1,0.0,1724
GCA_023184335.1_ASM2318433v1_genomic,JAJTMP010000008.1,waaQ1,100.000,1014,0,0,69219,70232,1014,1,0.0,1873
GCA_023184335.1_ASM2318433v1_genomic,JAJTMP010000008.1,waaD,100.000,933,0,0,57330,58262,1,933,0.0,1724
GCF_023184295.1_ASM2318429v1_genomic,NZ_JAJTMO010000008.1,waaQ1,99.901,1014,1,0,69219,70232,1014,1,0.0,1868
GCF_023184295.1_ASM2318429v1_genomic,NZ_JAJTMO010000008.1,waaD,100.000,933,0,0,57330,58262,1,933,0.0,1724
GCF_017161565.1_ASM1716156v1_genomic,NZ_CP066796.1,waaQ1,100.000,1014,0,0,3667053,3668066,1014,1,0.0,1873
GCF_017161565.1_ASM1716156v1_genomic,NZ_CP066796.1,waaD,100.000,933,0,0,3655164,3656096,1,933,0.0,1724
GCF_012371495.1_ASM1237149v1_genomic,NZ_JAAEUO010000045.1,waaQ1,100.000,1014,0,0,69113,70126,1014,1,0.0,1873
GCF_012371495.1_ASM1237149v1_genomic,NZ_JAAEUO010000045.1,waaD,99.893,933,1,0,57224,58156,1,933,0.0,1718
GCF_012367995.1_ASM1236799v1_genomic,NZ_JAAEXF010000006.1,waaQ1,100.000,1014,0,0,69140,70153,1014,1,0.0,1873
GCF_012367995.1_ASM1236799v1_genomic,NZ_JAAEXF010000006.1,waaD,100.000,933,0,0,57251,58183,1,933,0.0,1724
GCA_000027205.1_ASM2720v1_genomic,FN666575.1,waaQ1,100.000,1014,0,0,107859,108872,1,1014,0.0,1873
GCA_000027205.1_ASM2720v1_genomic,FN666575.1,waaD,100.000,933,0,0,119829,120761,933,1,0.0,1724
GCF_000240705.2_ASM24070v2_genomic,NZ_AFHN01000002.1,waaQ1,100.000,1014,0,0,61339,62352,1,1014,0.0,1873
GCF_000240705.2_ASM24070v2_genomic,NZ_AFHN01000002.1,waaD,100.000,933,0,0,73309,74241,933,1,0.0,1724
GCF_002732295.1_ASM273229v1_genomic,NZ_NQKA01000012.1,waaQ1,100.000,1014,0,0,19370,20383,1,1014,0.0,1873
GCF_002732295.1_ASM273229v1_genomic,NZ_NQKA01000012.1,waaD,99.893,933,1,0,31340,32272,933,1,0.0,1718
GCF_012368325.1_ASM1236832v1_genomic,NZ_JAAEXY010000028.1,waaQ1,100.000,1014,0,0,69140,70153,1014,1,0.0,1873
GCF_012368325.1_ASM1236832v1_genomic,NZ_JAAEXY010000028.1,waaD,100.000,933,0,0,57251,58183,1,933,0.0,1724
GCA_023183355.1_ASM2318335v1_genomic,JAJTKS010000008.1,waaQ1,100.000,1014,0,0,61384,62397,1,1014,0.0,1873
GCA_023183355.1_ASM2318335v1_genomic,JAJTKS010000008.1,waaD,100.000,933,0,0,73354,74286,933,1,0.0,1724
GCA_012980845.1_ASM1298084v1_genomic,CP050263.1,waaQ1,100.000,1014,0,0,107859,108872,1,1014,0.0,1873
GCA_012980845.1_ASM1298084v1_genomic,CP050263.1,waaD,100.000,933,0,0,119829,120761,933,1,0.0,1724
GCA_023612735.1_ASM2361273v1_genomic,CP076593.1,waaQ1,100.000,1014,0,0,1857927,1858940,1,1014,0.0,1873
GCA_023612735.1_ASM2361273v1_genomic,CP076593.1,waaD,100.000,933,0,0,1869896,1870828,933,1,0.0,1724
GCF_000367545.1_ASM36754v2_genomic,NZ_CAOX01000002.1,waaQ1,100.000,1014,0,0,61293,62306,1,1014,0.0,1873
GCF_000367545.1_ASM36754v2_genomic,NZ_CAOX01000002.1,waaD,100.000,933,0,0,73263,74195,933,1,0.0,1724
GCF_023184275.1_ASM2318427v1_genomic,NZ_JAJTMN010000008.1,waaQ1,100.000,1014,0,0,69219,70232,1014,1,0.0,1873
GCF_023184275.1_ASM2318427v1_genomic,NZ_JAJTMN010000008.1,waaD,100.000,933,0,0,57330,58262,1,933,0.0,1724
GCF_012367975.1_ASM1236797v1_genomic,NZ_JAAEXE010000008.1,waaQ1,100.000,1014,0,0,44086,45099,1,1014,0.0,1873
GCF_012367975.1_ASM1236797v1_genomic,NZ_JAAEXE010000008.1,waaD,100.000,933,0,0,56056,56988,933,1,0.0,1724
GCF_023183075.1_ASM2318307v1_genomic,NZ_JAJTKF010000008.1,waaQ1,100.000,1014,0,0,69219,70232,1014,1,0.0,1873
GCF_023183075.1_ASM2318307v1_genomic,NZ_JAJTKF010000008.1,waaD,100.000,933,0,0,57330,58262,1,933,0.0,1724
GCF_012367255.1_ASM1236725v1_genomic,NZ_JAAEVJ010000008.1,waaQ1,100.000,1014,0,0,61306,62319,1,1014,0.0,1873
GCF_012367255.1_ASM1236725v1_genomic,NZ_JAAEVJ010000008.1,waaD,100.000,933,0,0,73276,74208,933,1,0.0,1724
GCF_012367425.2_ASM1236742v1_genomic,NZ_JAAEVT010000065.1,waaQ1,99.704,1014,3,0,13383,14396,1,1014,0.0,1857
GCF_012367425.2_ASM1236742v1_genomic,NZ_JAAEVT010000065.1,waaD,98.499,933,14,0,23999,24931,933,1,0.0,1646
GCF_023612695.1_ASM2361269v1_genomic,NZ_CP076591.1,waaQ1,100.000,1014,0,0,2611249,2612262,1,1014,0.0,1873
GCF_023612695.1_ASM2361269v1_genomic,NZ_CP076591.1,waaD,100.000,933,0,0,2623219,2624151,933,1,0.0,1724
GCF_012371765.1_ASM1237176v1_genomic,NZ_JAAEWP010000028.1,waaQ1,100.000,1014,0,0,44135,45148,1,1014,0.0,1873
GCF_012371765.1_ASM1237176v1_genomic,NZ_JAAEWP010000028.1,waaD,100.000,933,0,0,56105,57037,933,1,0.0,1724
GCF_002732335.1_ASM273233v1_genomic,NZ_NQKC01000078.1,waaQ1,100.000,1014,0,0,69407,70420,1014,1,0.0,1873
GCF_002732335.1_ASM273233v1_genomic,NZ_NQKC01000078.1,waaD,100.000,933,0,0,57518,58450,1,933,0.0,1724
GCF_023184165.1_ASM2318416v1_genomic,NZ_JAJTMF010000008.1,waaQ1,100.000,1014,0,0,61384,62397,1,1014,0.0,1873
GCF_023184165.1_ASM2318416v1_genomic,NZ_JAJTMF010000008.1,waaD,100.000,933,0,0,73354,74286,933,1,0.0,1724
GCF_023183755.1_ASM2318375v1_genomic,NZ_JAJTLK010000008.1,waaQ1,100.000,1014,0,0,69219,70232,1014,1,0.0,1873
GCF_023183755.1_ASM2318375v1_genomic,NZ_JAJTLK010000008.1,waaD,100.000,933,0,0,57330,58262,1,933,0.0,1724
GCF_019967115.1_ASM1996711v1_genomic,NZ_JAIMFX010000012.1,waaQ1,100.000,1014,0,0,69302,70315,1014,1,0.0,1873
GCF_019967115.1_ASM1996711v1_genomic,NZ_JAIMFX010000012.1,waaD,100.000,933,0,0,57413,58345,1,933,0.0,1724
GCF_002732175.1_ASM273217v1_genomic,NZ_NQJN01000001.1,waaQ1,100.000,1014,0,0,3721754,3722767,1014,1,0.0,1873
GCF_002732175.1_ASM273217v1_genomic,NZ_NQJN01000001.1,waaD,99.893,933,1,0,3709866,3710798,1,933,0.0,1718
GCF_012368035.1_ASM1236803v1_genomic,NZ_JAAEXH010000019.1,waaQ1,100.000,1014,0,0,69140,70153,1014,1,0.0,1873
GCF_012368035.1_ASM1236803v1_genomic,NZ_JAAEXH010000019.1,waaD,99.893,933,1,0,57251,58183,1,933,0.0,1718
GCA_023183475.1_ASM2318347v1_genomic,JAJTKZ010000008.1,waaQ1,100.000,1014,0,0,61384,62397,1,1014,0.0,1873
GCA_023183475.1_ASM2318347v1_genomic,JAJTKZ010000008.1,waaD,100.000,933,0,0,73354,74286,933,1,0.0,1724
GCA_000696075.1_ASM69607v1_genomic,BAYW01000017.1,waaQ1,100.000,1014,0,0,69123,70136,1014,1,0.0,1873
GCA_000696075.1_ASM69607v1_genomic,BAYW01000017.1,waaD,100.000,933,0,0,57234,58166,1,933,0.0,1724
GCA_025987825.1_ASM2598782v1_genomic,CP104025.1,waaQ1,100.000,1014,0,0,107863,108876,1,1014,0.0,1873
GCA_025987825.1_ASM2598782v1_genomic,CP104025.1,waaD,100.000,933,0,0,119833,120765,933,1,0.0,1724
GCA_022811485.1_ASM2281148v1_genomic,CP063805.1,waaQ1,100.000,1014,0,0,2708191,2709204,1014,1,0.0,1873
GCA_022811485.1_ASM2281148v1_genomic,CP063805.1,waaD,99.893,933,1,0,2696302,2697234,1,933,0.0,1718
GCF_000513395.1_EA_LA636_genomic,NZ_CBVT010000002.1,waaQ1,100.000,1014,0,0,61140,62153,1,1014,0.0,1873
GCF_000513395.1_EA_LA636_genomic,NZ_CBVT010000002.1,waaD,100.000,933,0,0,73110,74042,933,1,0.0,1724
GCF_012980765.1_ASM1298076v1_genomic,NZ_CP050240.1,waaQ1,100.000,1014,0,0,107859,108872,1,1014,0.0,1873
GCF_012980765.1_ASM1298076v1_genomic,NZ_CP050240.1,waaD,100.000,933,0,0,119829,120761,933,1,0.0,1724
GCF_012367575.1_ASM1236757v1_genomic,NZ_JAAEWC010000018.1,waaQ1,100.000,1014,0,0,69140,70153,1014,1,0.0,1873
GCF_012367575.1_ASM1236757v1_genomic,NZ_JAAEWC010000018.1,waaD,100.000,933,0,0,57251,58183,1,933,0.0,1724
GCF_012367185.1_ASM1236718v1_genomic,NZ_JAAEVF010000036.1,waaQ1,100.000,1014,0,0,16424,17437,1,1014,0.0,1873
GCF_012367185.1_ASM1236718v1_genomic,NZ_JAAEVF010000036.1,waaD,100.000,933,0,0,28394,29326,933,1,0.0,1724
GCA_019967075.1_ASM1996707v1_genomic,JAIMFV010000011.1,waaQ1,100.000,1014,0,0,61361,62374,1,1014,0.0,1873
GCA_019967075.1_ASM1996707v1_genomic,JAIMFV010000011.1,waaD,100.000,933,0,0,73331,74263,933,1,0.0,1724
GCA_000367605.2_ASM36760v2_genomic,CAPA01000002.1,waaQ1,100.000,1014,0,0,61339,62352,1,1014,0.0,1873
GCA_000367605.2_ASM36760v2_genomic,CAPA01000002.1,waaD,100.000,933,0,0,73309,74241,933,1,0.0,1724
GCA_023184005.1_ASM2318400v1_genomic,JAJTMA010000008.1,waaQ1,100.000,1014,0,0,61384,62397,1,1014,0.0,1873
GCA_023184005.1_ASM2318400v1_genomic,JAJTMA010000008.1,waaD,100.000,933,0,0,73354,74286,933,1,0.0,1724
GCA_023183635.1_ASM2318363v1_genomic,JAJTLD010000009.1,waaQ1,100.000,1014,0,0,61384,62397,1,1014,0.0,1873
GCA_023183635.1_ASM2318363v1_genomic,JAJTLD010000009.1,waaD,100.000,933,0,0,73354,74286,933,1,0.0,1724
GCA_023184435.1_ASM2318443v1_genomic,JAJTJR010000008.1,waaQ1,100.000,1014,0,0,69324,70337,1014,1,0.0,1873
GCA_023184435.1_ASM2318443v1_genomic,JAJTJR010000008.1,waaD,100.000,933,0,0,57435,58367,1,933,0.0,1724
GCA_023183085.1_ASM2318308v1_genomic,JAJTKE010000008.1,waaQ1,100.000,1014,0,0,61384,62397,1,1014,0.0,1873
GCA_023183085.1_ASM2318308v1_genomic,JAJTKE010000008.1,waaD,100.000,933,0,0,73354,74286,933,1,0.0,1724
GCA_020546585.1_ASM2054658v1_genomic,CP063688.1,waaQ1,100.000,1014,0,0,3815965,3816978,1014,1,0.0,1873
GCA_020546585.1_ASM2054658v1_genomic,CP063688.1,waaD,99.893,933,1,0,3804076,3805008,1,933,0.0,1718
GCA_023184285.1_ASM2318428v1_genomic,JAJTML010000008.1,waaQ1,100.000,1014,0,0,69219,70232,1014,1,0.0,1873
GCA_023184285.1_ASM2318428v1_genomic,JAJTML010000008.1,waaD,100.000,933,0,0,57330,58262,1,933,0.0,1724
GCF_012367305.1_ASM1236730v1_genomic,NZ_JAAEVN010000019.1,waaQ1,100.000,1014,0,0,44121,45134,1,1014,0.0,1873
GCF_012367305.1_ASM1236730v1_genomic,NZ_JAAEVN010000019.1,waaD,100.000,933,0,0,56091,57023,933,1,0.0,1724
GCF_023183795.1_ASM2318379v1_genomic,NZ_JAJTLQ010000008.1,waaQ1,100.000,1014,0,0,61384,62397,1,1014,0.0,1873
GCF_023183795.1_ASM2318379v1_genomic,NZ_JAJTLQ010000008.1,waaD,100.000,933,0,0,73354,74286,933,1,0.0,1724
GCF_012368165.1_ASM1236816v1_genomic,NZ_JAAEXR010000003.1,waaQ1,100.000,1014,0,0,61300,62313,1,1014,0.0,1873
GCF_012368165.1_ASM1236816v1_genomic,NZ_JAAEXR010000003.1,waaD,99.893,933,1,0,73270,74202,933,1,0.0,1718
GCA_020882215.1_ASM2088221v1_genomic,CP063694.1,waaQ1,100.000,1014,0,0,3117881,3118894,1,1014,0.0,1873
GCA_020882215.1_ASM2088221v1_genomic,CP063694.1,waaD,99.893,933,1,0,3129851,3130783,933,1,0.0,1718
GCF_023182995.1_ASM2318299v1_genomic,NZ_JAJTKB010000008.1,waaQ1,100.000,1014,0,0,61384,62397,1,1014,0.0,1873
GCF_023182995.1_ASM2318299v1_genomic,NZ_JAJTKB010000008.1,waaD,100.000,933,0,0,73354,74286,933,1,0.0,1724
GCA_023183115.1_ASM2318311v1_genomic,JAJTKI010000008.1,waaQ1,100.000,1014,0,0,61384,62397,1,1014,0.0,1873
GCA_023183115.1_ASM2318311v1_genomic,JAJTKI010000008.1,waaD,100.000,933,0,0,73354,74286,933,1,0.0,1724
GCF_023612655.1_ASM2361265v1_genomic,NZ_CP076589.1,waaQ1,100.000,1014,0,0,3786443,3787456,1014,1,0.0,1873
GCF_023612655.1_ASM2361265v1_genomic,NZ_CP076589.1,waaD,100.000,933,0,0,3774554,3775486,1,933,0.0,1724
GCF_023184035.1_ASM2318403v1_genomic,NZ_JAJTLZ010000008.1,waaQ1,100.000,1014,0,0,69219,70232,1014,1,0.0,1873
GCF_023184035.1_ASM2318403v1_genomic,NZ_JAJTLZ010000008.1,waaD,100.000,933,0,0,57330,58262,1,933,0.0,1724
GCF_023183605.1_ASM2318360v1_genomic,NZ_JAJTLG010000008.1,waaQ1,100.000,1014,0,0,61384,62397,1,1014,0.0,1873
GCF_023183605.1_ASM2318360v1_genomic,NZ_JAJTLG010000008.1,waaD,100.000,933,0,0,73354,74286,933,1,0.0,1724
GCF_017161545.1_ASM1716154v1_genomic,NZ_CP066794.1,waaQ1,100.000,1014,0,0,3663717,3664730,1014,1,0.0,1873
GCF_017161545.1_ASM1716154v1_genomic,NZ_CP066794.1,waaD,100.000,933,0,0,3651828,3652760,1,933,0.0,1724
GCF_023183915.1_ASM2318391v1_genomic,NZ_JAJTLW010000008.1,waaQ1,100.000,1014,0,0,69219,70232,1014,1,0.0,1873
GCF_023183915.1_ASM2318391v1_genomic,NZ_JAJTLW010000008.1,waaD,100.000,933,0,0,57330,58262,1,933,0.0,1724
GCF_012367015.1_ASM1236701v1_genomic,NZ_JAAEUQ010000030.1,waaQ1,99.704,1014,3,0,12138,13151,1,1014,0.0,1857
GCF_012367015.1_ASM1236701v1_genomic,NZ_JAAEUQ010000030.1,waaD,98.499,933,14,0,22754,23686,933,1,0.0,1646
GCA_023184195.1_ASM2318419v1_genomic,JAJTMI010000007.1,waaQ1,100.000,1014,0,0,61384,62397,1,1014,0.0,1873
GCA_023184195.1_ASM2318419v1_genomic,JAJTMI010000007.1,waaD,100.000,933,0,0,73354,74286,933,1,0.0,1724
GCA_025818805.1_ASM2581880v1_genomic,JAMWBL010000011.1,waaQ1,100.000,1014,0,0,69120,70133,1014,1,0.0,1873
GCA_025818805.1_ASM2581880v1_genomic,JAMWBL010000011.1,waaD,100.000,933,0,0,57231,58163,1,933,0.0,1724
GCF_012367775.1_ASM1236777v1_genomic,NZ_JAAEWQ010000007.1,waaQ1,100.000,1014,0,0,44081,45094,1,1014,0.0,1873
GCF_012367775.1_ASM1236777v1_genomic,NZ_JAAEWQ010000007.1,waaD,100.000,933,0,0,56051,56983,933,1,0.0,1724
GCA_000367565.2_ASM36756v2_genomic,CAOY01000002.1,waaQ1,100.000,1014,0,0,61333,62346,1,1014,0.0,1873
GCA_000367565.2_ASM36756v2_genomic,CAOY01000002.1,waaD,100.000,933,0,0,73303,74235,933,1,0.0,1724
GCA_015650045.1_ASM1565004v1_genomic,CP064855.1,waaQ1,100.000,1014,0,0,3667440,3668453,1014,1,0.0,1873
GCA_015650045.1_ASM1565004v1_genomic,CP064855.1,waaD,100.000,933,0,0,3655551,3656483,1,933,0.0,1724
GCF_012371565.1_ASM1237156v1_genomic,NZ_JAAEUU010000032.1,waaQ1,100.000,1014,0,0,15831,16844,1,1014,0.0,1873
GCF_012371565.1_ASM1237156v1_genomic,NZ_JAAEUU010000032.1,waaD,100.000,933,0,0,27801,28733,933,1,0.0,1724
GCF_023183555.1_ASM2318355v1_genomic,NZ_JAJTLC010000008.1,waaQ1,100.000,1014,0,0,61384,62397,1,1014,0.0,1873
GCF_023183555.1_ASM2318355v1_genomic,NZ_JAJTLC010000008.1,waaD,100.000,933,0,0,73354,74286,933,1,0.0,1724
GCA_023183245.1_ASM2318324v1_genomic,JAJTKO010000008.1,waaQ1,100.000,1014,0,0,61383,62396,1,1014,0.0,1873
GCA_023183245.1_ASM2318324v1_genomic,JAJTKO010000008.1,waaD,100.000,933,0,0,73353,74285,933,1,0.0,1724
GCA_023184475.1_ASM2318447v1_genomic,JAJTMV010000008.1,waaQ1,100.000,1014,0,0,61384,62397,1,1014,0.0,1873
GCA_023184475.1_ASM2318447v1_genomic,JAJTMV010000008.1,waaD,100.000,933,0,0,73354,74286,933,1,0.0,1724
GCA_023183675.1_ASM2318367v1_genomic,JAJTLL010000008.1,waaQ1,100.000,1014,0,0,61384,62397,1,1014,0.0,1873
GCA_023183675.1_ASM2318367v1_genomic,JAJTLL010000008.1,waaD,100.000,933,0,0,73354,74286,933,1,0.0,1724
GCA_023184045.1_ASM2318404v1_genomic,JAJTMC010000008.1,waaQ1,100.000,1014,0,0,61384,62397,1,1014,0.0,1873
GCA_023184045.1_ASM2318404v1_genomic,JAJTMC010000008.1,waaD,100.000,933,0,0,73354,74286,933,1,0.0,1724
GCF_026966895.1_ASM2696689v1_genomic,NZ_JALGBW010000011.1,waaQ1,100.000,1014,0,0,69436,70449,1014,1,0.0,1873
GCF_026966895.1_ASM2696689v1_genomic,NZ_JALGBW010000011.1,waaD,100.000,933,0,0,57547,58479,1,933,0.0,1724
GCA_023182875.1_ASM2318287v1_genomic,JAJTJX010000008.1,waaQ1,100.000,1014,0,0,69219,70232,1014,1,0.0,1873
GCA_023182875.1_ASM2318287v1_genomic,JAJTJX010000008.1,waaD,100.000,933,0,0,57330,58262,1,933,0.0,1724
GCF_012367055.1_ASM1236705v1_genomic,NZ_JAAEUS010000004.1,waaQ1,100.000,1014,0,0,69140,70153,1014,1,0.0,1873
GCF_012367055.1_ASM1236705v1_genomic,NZ_JAAEUS010000004.1,waaD,99.893,933,1,0,57251,58183,1,933,0.0,1718
GCA_013375015.1_ASM1337501v1_genomic,CP056034.1,waaQ1,100.000,1014,0,0,3663687,3664700,1014,1,0.0,1873
GCA_013375015.1_ASM1337501v1_genomic,CP056034.1,waaD,100.000,933,0,0,3651798,3652730,1,933,0.0,1724
GCF_000367645.1_ASM36764v1_genomic,NZ_CAPC01000002.1,waaQ1,100.000,1014,0,0,61339,62352,1,1014,0.0,1873
GCF_000367645.1_ASM36764v1_genomic,NZ_CAPC01000002.1,waaD,100.000,933,0,0,73309,74241,933,1,0.0,1724
GCF_000513415.1_EA_LA635_genomic,NZ_CBVS010000002.1,waaQ1,100.000,1014,0,0,61140,62153,1,1014,0.0,1873
GCF_000513415.1_EA_LA635_genomic,NZ_CBVS010000002.1,waaD,100.000,933,0,0,73110,74042,933,1,0.0,1724
GCA_023184355.1_ASM2318435v1_genomic,JAJTMQ010000008.1,waaQ1,100.000,1014,0,0,61384,62397,1,1014,0.0,1873
GCA_023184355.1_ASM2318435v1_genomic,JAJTMQ010000008.1,waaD,100.000,933,0,0,73354,74286,933,1,0.0,1724
GCA_023183155.1_ASM2318315v1_genomic,JAJTKH010000008.1,waaQ1,100.000,1014,0,0,69219,70232,1014,1,0.0,1873
GCA_023183155.1_ASM2318315v1_genomic,JAJTKH010000008.1,waaD,100.000,933,0,0,57330,58262,1,933,0.0,1724
GCF_023183645.1_ASM2318364v1_genomic,NZ_JAJTLI010000008.1,waaQ1,100.000,1014,0,0,69219,70232,1014,1,0.0,1873
GCF_023183645.1_ASM2318364v1_genomic,NZ_JAJTLI010000008.1,waaD,100.000,933,0,0,57330,58262,1,933,0.0,1724
GCF_023183275.1_ASM2318327v1_genomic,NZ_JAJTKQ010000008.1,waaQ1,100.000,1014,0,0,69219,70232,1014,1,0.0,1873
GCF_023183275.1_ASM2318327v1_genomic,NZ_JAJTKQ010000008.1,waaD,100.000,933,0,0,57330,58262,1,933,0.0,1724
GCF_012371675.1_ASM1237167v1_genomic,NZ_JAAEVH010000027.1,waaQ1,100.000,1014,0,0,69140,70153,1014,1,0.0,1873
GCF_012371675.1_ASM1237167v1_genomic,NZ_JAAEVH010000027.1,waaD,100.000,933,0,0,57251,58183,1,933,0.0,1724
GCF_023183685.1_ASM2318368v1_genomic,NZ_JAJTLH010000008.1,waaQ1,100.000,1014,0,0,61384,62397,1,1014,0.0,1873
GCF_023183685.1_ASM2318368v1_genomic,NZ_JAJTLH010000008.1,waaD,100.000,933,0,0,73354,74286,933,1,0.0,1724
GCA_023183195.1_ASM2318319v1_genomic,JAJTKJ010000008.1,waaQ1,100.000,1014,0,0,69219,70232,1014,1,0.0,1873
GCA_023183195.1_ASM2318319v1_genomic,JAJTKJ010000008.1,waaD,100.000,933,0,0,57330,58262,1,933,0.0,1724
GCF_000367625.1_ASM36762v2_genomic,NZ_CAPB01000002.1,waaQ1,100.000,1014,0,0,61339,62352,1,1014,0.0,1873
GCF_000367625.1_ASM36762v2_genomic,NZ_CAPB01000002.1,waaD,100.000,933,0,0,73309,74241,933,1,0.0,1724
GCA_012980805.1_ASM1298080v1_genomic,CP050242.1,waaQ1,100.000,1014,0,0,107859,108872,1,1014,0.0,1873
GCA_012980805.1_ASM1298080v1_genomic,CP050242.1,waaD,100.000,933,0,0,119829,120761,933,1,0.0,1724
GCA_023183315.1_ASM2318331v1_genomic,JAJTKR010000008.1,waaQ1,100.000,1014,0,0,69219,70232,1014,1,0.0,1873
GCA_023183315.1_ASM2318331v1_genomic,JAJTKR010000008.1,waaD,100.000,933,0,0,57330,58262,1,933,0.0,1724
GCA_023183725.1_ASM2318372v1_genomic,JAJTLJ010000008.1,waaQ1,100.000,1014,0,0,61383,62396,1,1014,0.0,1873
GCA_023183725.1_ASM2318372v1_genomic,JAJTLJ010000008.1,waaD,100.000,933,0,0,73353,74285,933,1,0.0,1724
GCA_023184115.1_ASM2318411v1_genomic,JAJTMH010000008.1,waaQ1,100.000,1014,0,0,61384,62397,1,1014,0.0,1873
GCA_023184115.1_ASM2318411v1_genomic,JAJTMH010000008.1,waaD,100.000,933,0,0,73354,74286,933,1,0.0,1724
GCF_012367935.1_ASM1236793v1_genomic,NZ_JAAEXA010000002.1,waaQ1,100.000,1014,0,0,61306,62319,1,1014,0.0,1873
GCF_012367935.1_ASM1236793v1_genomic,NZ_JAAEXA010000002.1,waaD,99.893,933,1,0,73276,74208,933,1,0.0,1718
GCF_023183035.1_ASM2318303v1_genomic,NZ_JAJTKA010000009.1,waaQ1,100.000,1014,0,0,69219,70232,1014,1,0.0,1873
GCF_023183035.1_ASM2318303v1_genomic,NZ_JAJTKA010000009.1,waaD,100.000,933,0,0,57330,58262,1,933,0.0,1724
GCF_000367585.1_ASM36758v2_genomic,NZ_CAOZ01000002.1,waaQ1,100.000,1014,0,0,61305,62318,1,1014,0.0,1873
GCF_000367585.1_ASM36758v2_genomic,NZ_CAOZ01000002.1,waaD,100.000,933,0,0,73275,74207,933,1,0.0,1724
GCF_023183995.1_ASM2318399v1_genomic,NZ_JAJTLY010000008.1,waaQ1,100.000,1014,0,0,69219,70232,1014,1,0.0,1873
GCF_023183995.1_ASM2318399v1_genomic,NZ_JAJTLY010000008.1,waaD,100.000,933,0,0,57330,58262,1,933,0.0,1724
GCF_012367095.1_ASM1236709v1_genomic,NZ_JAAEUW010000019.1,waaQ1,100.000,1014,0,0,69141,70154,1014,1,0.0,1873
GCF_012367095.1_ASM1236709v1_genomic,NZ_JAAEUW010000019.1,waaD,100.000,933,0,0,57252,58184,1,933,0.0,1724
GCA_023612775.1_ASM2361277v1_genomic,CP076595.1,waaQ1,100.000,1014,0,0,2231694,2232707,1,1014,0.0,1873
GCA_023612775.1_ASM2361277v1_genomic,CP076595.1,waaD,100.000,933,0,0,2243664,2244596,933,1,0.0,1724
GCA_023183285.1_ASM2318328v1_genomic,JAJTKP010000008.1,waaQ1,100.000,1014,0,0,61384,62397,1,1014,0.0,1873
GCA_023183285.1_ASM2318328v1_genomic,JAJTKP010000008.1,waaD,100.000,933,0,0,73354,74286,933,1,0.0,1724
GCF_023183805.1_ASM2318380v1_genomic,NZ_JAJTLP010000008.1,waaQ1,100.000,1014,0,0,69219,70232,1014,1,0.0,1873
GCF_023183805.1_ASM2318380v1_genomic,NZ_JAJTLP010000008.1,waaD,100.000,933,0,0,57330,58262,1,933,0.0,1724
GCF_012367535.1_ASM1236753v1_genomic,NZ_JAAEWA010000025.1,waaQ1,100.000,1014,0,0,31114,32127,1,1014,0.0,1873
GCF_012367535.1_ASM1236753v1_genomic,NZ_JAAEWA010000025.1,waaD,99.786,933,2,0,43084,44016,933,1,0.0,1712
GCF_023183595.1_ASM2318359v1_genomic,NZ_JAJTLE010000008.1,waaQ1,100.000,1014,0,0,61384,62397,1,1014,0.0,1873
GCF_023183595.1_ASM2318359v1_genomic,NZ_JAJTLE010000008.1,waaD,100.000,933,0,0,73354,74286,933,1,0.0,1724
GCF_023183715.1_ASM2318371v1_genomic,NZ_JAJTLM010000008.1,waaQ1,100.000,1014,0,0,61384,62397,1,1014,0.0,1873
GCF_023183715.1_ASM2318371v1_genomic,NZ_JAJTLM010000008.1,waaD,100.000,933,0,0,73354,74286,933,1,0.0,1724
GCF_012368075.1_ASM1236807v1_genomic,NZ_JAAEXJ010000025.1,waaQ1,100.000,1014,0,0,69140,70153,1014,1,0.0,1873
GCF_012368075.1_ASM1236807v1_genomic,NZ_JAAEXJ010000025.1,waaD,100.000,933,0,0,57251,58183,1,933,0.0,1724
GCF_002732505.1_ASM273250v1_genomic,NZ_NQJZ01000055.1,waaQ1,100.000,1014,0,0,61462,62475,1,1014,0.0,1873
GCF_002732505.1_ASM273250v1_genomic,NZ_NQJZ01000055.1,waaD,100.000,933,0,0,73432,74364,933,1,0.0,1724
GCF_012367755.1_ASM1236775v1_genomic,NZ_JAAEWO010000016.1,waaQ1,100.000,1014,0,0,69140,70153,1014,1,0.0,1873
GCF_012367755.1_ASM1236775v1_genomic,NZ_JAAEWO010000016.1,waaD,99.893,933,1,0,57251,58183,1,933,0.0,1718
GCF_012367365.1_ASM1236736v1_genomic,NZ_JAAEVQ010000020.1,waaQ1,99.704,1014,3,0,67749,68762,1014,1,0.0,1857
GCF_012367365.1_ASM1236736v1_genomic,NZ_JAAEVQ010000020.1,waaD,98.607,933,13,0,57214,58146,1,933,0.0,1652
GCA_023183945.1_ASM2318394v1_genomic,JAJTLU010000008.1,waaQ1,100.000,1014,0,0,61384,62397,1,1014,0.0,1873
GCA_023183945.1_ASM2318394v1_genomic,JAJTLU010000008.1,waaD,100.000,933,0,0,73354,74286,933,1,0.0,1724
GCA_023184455.1_ASM2318445v1_genomic,JAJTMS010000008.1,waaQ1,100.000,1014,0,0,69219,70232,1014,1,0.0,1873
GCA_023184455.1_ASM2318445v1_genomic,JAJTMS010000008.1,waaD,100.000,933,0,0,57330,58262,1,933,0.0,1724
GCA_023184065.1_ASM2318406v1_genomic,JAJTMB010000008.1,waaQ1,100.000,1014,0,0,61384,62397,1,1014,0.0,1873
GCA_023184065.1_ASM2318406v1_genomic,JAJTMB010000008.1,waaD,100.000,933,0,0,73354,74286,933,1,0.0,1724
GCF_012367845.1_ASM1236784v1_genomic,NZ_JAAEWX010000021.1,waaQ1,100.000,1014,0,0,69141,70154,1014,1,0.0,1873
GCF_012367845.1_ASM1236784v1_genomic,NZ_JAAEWX010000021.1,waaD,100.000,933,0,0,57252,58184,1,933,0.0,1724
GCF_023183575.1_ASM2318357v1_genomic,NZ_JAJTLF010000008.1,waaQ1,100.000,1014,0,0,69219,70232,1014,1,0.0,1873
GCF_023183575.1_ASM2318357v1_genomic,NZ_JAJTLF010000008.1,waaD,100.000,933,0,0,57330,58262,1,933,0.0,1724
GCF_023183975.1_ASM2318397v1_genomic,NZ_JAJTLX010000008.1,waaQ1,100.000,1014,0,0,69219,70232,1014,1,0.0,1873
GCF_023183975.1_ASM2318397v1_genomic,NZ_JAJTLX010000008.1,waaD,100.000,933,0,0,57330,58262,1,933,0.0,1724
GCF_012367075.1_ASM1236707v1_genomic,NZ_JAAEUV010000070.1,waaQ1,100.000,1014,0,0,14010,15023,1,1014,0.0,1873
GCF_012367075.1_ASM1236707v1_genomic,NZ_JAAEUV010000070.1,waaD,100.000,933,0,0,25980,26912,933,1,0.0,1724
GCA_023612795.1_ASM2361279v1_genomic,CP076596.1,waaQ1,100.000,1014,0,0,1702926,1703939,1014,1,0.0,1873
GCA_023612795.1_ASM2361279v1_genomic,CP076596.1,waaD,100.000,933,0,0,1691037,1691969,1,933,0.0,1724
GCF_012371655.1_ASM1237165v1_genomic,NZ_JAAEVK010000025.1,waaQ1,100.000,1014,0,0,69167,70180,1014,1,0.0,1873
GCF_012371655.1_ASM1237165v1_genomic,NZ_JAAEVK010000025.1,waaD,99.893,933,1,0,57278,58210,1,933,0.0,1718
GCA_023184375.1_ASM2318437v1_genomic,JAJTMR010000008.1,waaQ1,100.000,1014,0,0,61384,62397,1,1014,0.0,1873
GCA_023184375.1_ASM2318437v1_genomic,JAJTMR010000008.1,waaD,100.000,933,0,0,73354,74286,933,1,0.0,1724
GCA_023183175.1_ASM2318317v1_genomic,JAJTKK010000008.1,waaQ1,100.000,1014,0,0,69324,70337,1014,1,0.0,1873
GCA_023183175.1_ASM2318317v1_genomic,JAJTKK010000008.1,waaD,100.000,933,0,0,57435,58367,1,933,0.0,1724
GCF_000367665.1_ASM36766v2_genomic,NZ_CAPD01000002.1,waaQ1,99.704,1014,3,0,50754,51767,1,1014,0.0,1857
GCF_000367665.1_ASM36766v2_genomic,NZ_CAPD01000002.1,waaD,98.499,933,14,0,61370,62302,933,1,0.0,1646
GCA_026966915.1_ASM2696691v1_genomic,JALGBU010000012.1,waaQ1,100.000,1014,0,0,69436,70449,1014,1,0.0,1873
GCA_026966915.1_ASM2696691v1_genomic,JALGBU010000012.1,waaD,100.000,933,0,0,57547,58479,1,933,0.0,1724
GCA_023183815.1_ASM2318381v1_genomic,JAJTLO010000008.1,waaQ1,100.000,1014,0,0,69219,70232,1014,1,0.0,1873
GCA_023183815.1_ASM2318381v1_genomic,JAJTLO010000008.1,waaD,100.000,933,0,0,57330,58262,1,933,0.0,1724
GCF_012366995.1_ASM1236699v1_genomic,NZ_JAAEUL010000019.1,waaQ1,100.000,1014,0,0,69140,70153,1014,1,0.0,1873
GCF_012366995.1_ASM1236699v1_genomic,NZ_JAAEUL010000019.1,waaD,100.000,933,0,0,57251,58183,1,933,0.0,1724
GCF_023182935.1_ASM2318293v1_genomic,NZ_JAJTJU010000008.1,waaQ1,100.000,1014,0,0,69219,70232,1014,1,0.0,1873
GCF_023182935.1_ASM2318293v1_genomic,NZ_JAJTJU010000008.1,waaD,100.000,933,0,0,57330,58262,1,933,0.0,1724
GCF_023184095.1_ASM2318409v1_genomic,NZ_JAJTME010000008.1,waaQ1,100.000,1014,0,0,61384,62397,1,1014,0.0,1873
GCF_023184095.1_ASM2318409v1_genomic,NZ_JAJTME010000008.1,waaD,100.000,933,0,0,73354,74286,933,1,0.0,1724
GCF_002732255.1_ASM273225v1_genomic,NZ_NQJR01000001.1,waaQ1,100.000,1014,0,0,61461,62474,1,1014,0.0,1873
GCF_002732255.1_ASM273225v1_genomic,NZ_NQJR01000001.1,waaD,100.000,933,0,0,73431,74363,933,1,0.0,1724
GCF_023183295.1_ASM2318329v1_genomic,NZ_JAJTKN010000008.1,waaQ1,100.000,1014,0,0,61384,62397,1,1014,0.0,1873
GCF_023183295.1_ASM2318329v1_genomic,NZ_JAJTKN010000008.1,waaD,100.000,933,0,0,73354,74286,933,1,0.0,1724
GCF_012371695.1_ASM1237169v1_genomic,NZ_JAAEVW010000028.1,waaQ1,100.000,1014,0,0,69140,70153,1014,1,0.0,1873
GCF_012371695.1_ASM1237169v1_genomic,NZ_JAAEVW010000028.1,waaD,100.000,933,0,0,57251,58183,1,933,0.0,1724
GCA_023182895.1_ASM2318289v1_genomic,JAJTJV010000008.1,waaQ1,100.000,1014,0,0,61384,62397,1,1014,0.0,1873
GCA_023182895.1_ASM2318289v1_genomic,JAJTJV010000008.1,waaD,100.000,933,0,0,73354,74286,933,1,0.0,1724
GCF_023183015.1_ASM2318301v1_genomic,NZ_JAJTKD010000009.1,waaQ1,100.000,1014,0,0,69219,70232,1014,1,0.0,1873
GCF_023183015.1_ASM2318301v1_genomic,NZ_JAJTKD010000009.1,waaD,100.000,933,0,0,57330,58262,1,933,0.0,1724
GCF_012367485.1_ASM1236748v1_genomic,NZ_JAAEVX010000003.1,waaQ1,100.000,1014,0,0,61354,62367,1,1014,0.0,1873
GCF_012367485.1_ASM1236748v1_genomic,NZ_JAAEVX010000003.1,waaD,100.000,933,0,0,73324,74256,933,1,0.0,1724
GCA_023612755.1_ASM2361275v1_genomic,CP076594.1,waaQ1,100.000,1014,0,0,3729090,3730103,1,1014,0.0,1873
GCA_023612755.1_ASM2361275v1_genomic,CP076594.1,waaD,100.000,933,0,0,3741060,3741992,933,1,0.0,1724
GCF_023184215.1_ASM2318421v1_genomic,NZ_JAJTMK010000007.1,waaQ1,100.000,1014,0,0,61384,62397,1,1014,0.0,1873
GCF_023184215.1_ASM2318421v1_genomic,NZ_JAJTMK010000007.1,waaD,100.000,933,0,0,73354,74286,933,1,0.0,1724
GCF_023183425.1_ASM2318342v1_genomic,NZ_JAJTKX010000008.1,waaQ1,100.000,1014,0,0,61384,62397,1,1014,0.0,1873
GCF_023183425.1_ASM2318342v1_genomic,NZ_JAJTKX010000008.1,waaD,100.000,933,0,0,73354,74286,933,1,0.0,1724
GCA_012980825.1_ASM1298082v1_genomic,CP050244.1,waaQ1,100.000,1014,0,0,107859,108872,1,1014,0.0,1873
GCA_012980825.1_ASM1298082v1_genomic,CP050244.1,waaD,100.000,933,0,0,119829,120761,933,1,0.0,1724
GCA_023184135.1_ASM2318413v1_genomic,JAJTMG010000008.1,waaQ1,100.000,1014,0,0,61384,62397,1,1014,0.0,1873
GCA_023184135.1_ASM2318413v1_genomic,JAJTMG010000008.1,waaD,100.000,933,0,0,73354,74286,933,1,0.0,1724
GCF_012368345.1_ASM1236834v1_genomic,NZ_JAAEXX010000018.1,waaQ1,100.000,1014,0,0,69140,70153,1014,1,0.0,1873
GCF_012368345.1_ASM1236834v1_genomic,NZ_JAAEXX010000018.1,waaD,99.893,933,1,0,57251,58183,1,933,0.0,1718
GCA_023182905.1_ASM2318290v1_genomic,JAJTJW010000008.1,waaQ1,100.000,1014,0,0,69219,70232,1014,1,0.0,1873
GCA_023182905.1_ASM2318290v1_genomic,JAJTJW010000008.1,waaD,99.893,933,1,0,57330,58262,1,933,0.0,1718
GCF_012367885.1_ASM1236788v1_genomic,NZ_JAAEXB010000004.1,waaQ1,100.000,1014,0,0,61306,62319,1,1014,0.0,1873
GCF_012367885.1_ASM1236788v1_genomic,NZ_JAAEXB010000004.1,waaD,100.000,933,0,0,73276,74208,933,1,0.0,1724
GCF_012371585.1_ASM1237158v1_genomic,NZ_JAAEUX010000023.1,waaQ1,100.000,1014,0,0,69140,70153,1014,1,0.0,1873
GCF_012371585.1_ASM1237158v1_genomic,NZ_JAAEUX010000023.1,waaD,100.000,933,0,0,57251,58183,1,933,0.0,1724
GCF_012367125.1_ASM1236712v1_genomic,NZ_JAAEVA010000026.1,waaQ1,100.000,1014,0,0,69184,70197,1014,1,0.0,1873
GCF_012367125.1_ASM1236712v1_genomic,NZ_JAAEVA010000026.1,waaD,100.000,933,0,0,57295,58227,1,933,0.0,1724
GCF_023183825.1_ASM2318382v1_genomic,NZ_JAJTLR010000008.1,waaQ1,100.000,1014,0,0,61384,62397,1,1014,0.0,1873
GCF_023183825.1_ASM2318382v1_genomic,NZ_JAJTLR010000008.1,waaD,100.000,933,0,0,73354,74286,933,1,0.0,1724
GCF_012371815.1_ASM1237181v1_genomic,NZ_JAAEWE010000001.1,waaQ1,99.704,1014,3,0,67749,68762,1014,1,0.0,1857
GCF_012371815.1_ASM1237181v1_genomic,NZ_JAAEWE010000001.1,waaD,98.607,933,13,0,57214,58146,1,933,0.0,1652
GCF_023184385.1_ASM2318438v1_genomic,NZ_JAJTMU010000008.1,waaQ1,100.000,1014,0,0,61384,62397,1,1014,0.0,1873
GCF_023184385.1_ASM2318438v1_genomic,NZ_JAJTMU010000008.1,waaD,100.000,933,0,0,73354,74286,933,1,0.0,1724
GCA_023184495.1_ASM2318449v1_genomic,JAJTMW010000008.1,waaQ1,100.000,1014,0,0,61384,62397,1,1014,0.0,1873
GCA_023184495.1_ASM2318449v1_genomic,JAJTMW010000008.1,waaD,100.000,933,0,0,73354,74286,933,1,0.0,1724
GCA_000367685.2_ASM36768v2_genomic,CAPE01000003.1,waaQ1,99.704,1014,3,0,13564,14577,1,1014,0.0,1857
GCA_000367685.2_ASM36768v2_genomic,CAPE01000003.1,waaD,98.499,933,14,0,24177,25109,933,1,0.0,1646
GCA_023184225.1_ASM2318422v1_genomic,JAJTMJ010000008.1,waaQ1,100.000,1014,0,0,69219,70232,1014,1,0.0,1873
GCA_023184225.1_ASM2318422v1_genomic,JAJTMJ010000008.1,waaD,100.000,933,0,0,57330,58262,1,933,0.0,1724
GCA_023183415.1_ASM2318341v1_genomic,JAJTKU010000008.1,waaQ1,100.000,1014,0,0,69219,70232,1014,1,0.0,1873
GCA_023183415.1_ASM2318341v1_genomic,JAJTKU010000008.1,waaD,100.000,933,0,0,57330,58262,1,933,0.0,1724
GCA_023183025.1_ASM2318302v1_genomic,JAJTJY010000008.1,waaQ1,100.000,1014,0,0,69219,70232,1014,1,0.0,1873
GCA_023183025.1_ASM2318302v1_genomic,JAJTJY010000008.1,waaD,99.893,933,1,0,57330,58262,1,933,0.0,1718
GCF_002732285.1_ASM273228v1_genomic,NZ_NQJY01000039.1,waaQ1,100.000,1014,0,0,69352,70365,1014,1,0.0,1873
GCF_002732285.1_ASM273228v1_genomic,NZ_NQJY01000039.1,waaD,99.893,933,1,0,57463,58395,1,933,0.0,1718
GCF_012368055.1_ASM1236805v1_genomic,NZ_JAAEXK010000006.1,waaQ1,100.000,1014,0,0,69137,70150,1014,1,0.0,1873
GCF_012368055.1_ASM1236805v1_genomic,NZ_JAAEXK010000006.1,waaD,100.000,933,0,0,57248,58180,1,933,0.0,1724
GCF_012367795.1_ASM1236779v1_genomic,NZ_JAAEWW010000019.1,waaQ1,100.000,1014,0,0,61342,62355,1,1014,0.0,1873
GCF_012367795.1_ASM1236779v1_genomic,NZ_JAAEWW010000019.1,waaD,100.000,933,0,0,73312,74244,933,1,0.0,1724
GCF_020546605.1_ASM2054660v1_genomic,NZ_CP063691.1,waaQ1,100.000,1014,0,0,3814977,3815990,1014,1,0.0,1873
GCF_020546605.1_ASM2054660v1_genomic,NZ_CP063691.1,waaD,99.893,933,1,0,3803088,3804020,1,933,0.0,1718
GCF_012367475.1_ASM1236747v1_genomic,NZ_JAAEVV010000020.1,waaQ1,99.704,1014,3,0,67747,68760,1014,1,0.0,1857
GCF_012367475.1_ASM1236747v1_genomic,NZ_JAAEVV010000020.1,waaD,98.607,933,13,0,57212,58144,1,933,0.0,1652
GCF_023183945.1_ASM2318394v1_genomic,NZ_JAJTLU010000008.1,waaQ1,100.000,1014,0,0,61384,62397,1,1014,0.0,1873
GCF_023183945.1_ASM2318394v1_genomic,NZ_JAJTLU010000008.1,waaD,100.000,933,0,0,73354,74286,933,1,0.0,1724
GCF_002732435.1_ASM273243v1_genomic,NZ_NQJV01000112.1,waaQ1,100.000,1014,0,0,69436,70449,1014,1,0.0,1873
GCF_002732435.1_ASM273243v1_genomic,NZ_NQJV01000112.1,waaD,99.893,933,1,0,57547,58479,1,933,0.0,1718
GCA_003992295.1_ASM399229v1_genomic,MCFB01000070.1,waaQ1,100.000,1014,0,0,69436,70449,1014,1,0.0,1873
GCA_003992295.1_ASM399229v1_genomic,MCFB01000070.1,waaD,100.000,933,0,0,57547,58479,1,933,0.0,1724
GCF_012368135.1_ASM1236813v1_genomic,NZ_JAAEXM010000007.1,waaQ1,100.000,1014,0,0,44144,45157,1,1014,0.0,1873
GCF_012368135.1_ASM1236813v1_genomic,NZ_JAAEXM010000007.1,waaD,100.000,933,0,0,56114,57046,933,1,0.0,1724
GCF_012366965.1_ASM1236696v1_genomic,NZ_JAAEUK010000006.1,waaQ1,100.000,1014,0,0,69137,70150,1014,1,0.0,1873
GCF_012366965.1_ASM1236696v1_genomic,NZ_JAAEUK010000006.1,waaD,100.000,933,0,0,57248,58180,1,933,0.0,1724
GCA_023183575.1_ASM2318357v1_genomic,JAJTLF010000008.1,waaQ1,100.000,1014,0,0,69219,70232,1014,1,0.0,1873
GCA_023183575.1_ASM2318357v1_genomic,JAJTLF010000008.1,waaD,100.000,933,0,0,57330,58262,1,933,0.0,1724
GCF_023184455.1_ASM2318445v1_genomic,NZ_JAJTMS010000008.1,waaQ1,100.000,1014,0,0,69219,70232,1014,1,0.0,1873
GCF_023184455.1_ASM2318445v1_genomic,NZ_JAJTMS010000008.1,waaD,100.000,933,0,0,57330,58262,1,933,0.0,1724
GCF_023184065.1_ASM2318406v1_genomic,NZ_JAJTMB010000008.1,waaQ1,100.000,1014,0,0,61384,62397,1,1014,0.0,1873
GCF_023184065.1_ASM2318406v1_genomic,NZ_JAJTMB010000008.1,waaD,100.000,933,0,0,73354,74286,933,1,0.0,1724
GCA_017161525.1_ASM1716152v1_genomic,CP066780.1,waaQ1,100.000,1014,0,0,3663206,3664219,1014,1,0.0,1873
GCA_017161525.1_ASM1716152v1_genomic,CP066780.1,waaD,100.000,933,0,0,3651319,3652251,1,933,0.0,1724
GCA_023183975.1_ASM2318397v1_genomic,JAJTLX010000008.1,waaQ1,100.000,1014,0,0,69219,70232,1014,1,0.0,1873
GCA_023183975.1_ASM2318397v1_genomic,JAJTLX010000008.1,waaD,100.000,933,0,0,57330,58262,1,933,0.0,1724
GCF_023612795.1_ASM2361279v1_genomic,NZ_CP076596.1,waaQ1,100.000,1014,0,0,1702926,1703939,1014,1,0.0,1873
GCF_023612795.1_ASM2361279v1_genomic,NZ_CP076596.1,waaD,100.000,933,0,0,1691037,1691969,1,933,0.0,1724
GCF_012367355.1_ASM1236735v1_genomic,NZ_JAAEVP010000006.1,waaQ1,100.000,1014,0,0,44125,45138,1,1014,0.0,1873
GCF_012367355.1_ASM1236735v1_genomic,NZ_JAAEVP010000006.1,waaD,100.000,933,0,0,56095,57027,933,1,0.0,1724
GCF_004023365.1_ASM402336v1_genomic,NZ_RQKG01000012.1,waaQ1,100.000,1014,0,0,61411,62424,1,1014,0.0,1873
GCF_004023365.1_ASM402336v1_genomic,NZ_RQKG01000012.1,waaD,100.000,933,0,0,73381,74313,933,1,0.0,1724
GCF_023184375.1_ASM2318437v1_genomic,NZ_JAJTMR010000008.1,waaQ1,100.000,1014,0,0,61384,62397,1,1014,0.0,1873
GCF_023184375.1_ASM2318437v1_genomic,NZ_JAJTMR010000008.1,waaD,100.000,933,0,0,73354,74286,933,1,0.0,1724
GCA_002803865.1_ASM280386v1_genomic,CP024970.1,waaQ1,100.000,1014,0,0,107859,108872,1,1014,0.0,1873
GCA_002803865.1_ASM280386v1_genomic,CP024970.1,waaD,100.000,933,0,0,119829,120761,933,1,0.0,1724
GCF_012371575.1_ASM1237157v1_genomic,NZ_JAAEUT010000016.1,waaQ1,100.000,1014,0,0,61305,62318,1,1014,0.0,1873
GCF_012371575.1_ASM1237157v1_genomic,NZ_JAAEUT010000016.1,waaD,100.000,933,0,0,73275,74207,933,1,0.0,1724
GCF_012367875.1_ASM1236787v1_genomic,NZ_JAAEWZ010000007.1,waaQ1,100.000,1014,0,0,69134,70147,1014,1,0.0,1873
GCF_012367875.1_ASM1236787v1_genomic,NZ_JAAEWZ010000007.1,waaD,99.893,933,1,0,57245,58177,1,933,0.0,1718
GCF_023183175.1_ASM2318317v1_genomic,NZ_JAJTKK010000008.1,waaQ1,100.000,1014,0,0,69324,70337,1014,1,0.0,1873
GCF_023183175.1_ASM2318317v1_genomic,NZ_JAJTKK010000008.1,waaD,100.000,933,0,0,57435,58367,1,933,0.0,1724
GCA_000513415.1_EA_LA635_genomic,CBVS010000002.1,waaQ1,100.000,1014,0,0,61140,62153,1,1014,0.0,1873
GCA_000513415.1_EA_LA635_genomic,CBVS010000002.1,waaD,100.000,933,0,0,73110,74042,933,1,0.0,1724
GCF_026966915.1_ASM2696691v1_genomic,NZ_JALGBU010000012.1,waaQ1,100.000,1014,0,0,69436,70449,1014,1,0.0,1873
GCF_026966915.1_ASM2696691v1_genomic,NZ_JALGBU010000012.1,waaD,100.000,933,0,0,57547,58479,1,933,0.0,1724
GCA_000367665.2_ASM36766v2_genomic,CAPD01000002.1,waaQ1,99.704,1014,3,0,50754,51767,1,1014,0.0,1857
GCA_000367665.2_ASM36766v2_genomic,CAPD01000002.1,waaD,98.499,933,14,0,61370,62302,933,1,0.0,1646
GCF_002732125.1_ASM273212v1_genomic,NZ_NQJL01000001.1,waaQ1,100.000,1014,0,0,3723225,3724238,1014,1,0.0,1873
GCF_002732125.1_ASM273212v1_genomic,NZ_NQJL01000001.1,waaD,99.893,933,1,0,3711336,3712268,1,933,0.0,1718
GCF_002732365.1_ASM273236v1_genomic,NZ_NQJM01000001.1,waaQ1,100.000,1014,0,0,3725123,3726136,1014,1,0.0,1873
GCF_002732365.1_ASM273236v1_genomic,NZ_NQJM01000001.1,waaD,99.893,933,1,0,3713234,3714166,1,933,0.0,1718
GCA_023184095.1_ASM2318409v1_genomic,JAJTME010000008.1,waaQ1,100.000,1014,0,0,61384,62397,1,1014,0.0,1873
GCA_023184095.1_ASM2318409v1_genomic,JAJTME010000008.1,waaD,100.000,933,0,0,73354,74286,933,1,0.0,1724
GCA_023183295.1_ASM2318329v1_genomic,JAJTKN010000008.1,waaQ1,100.000,1014,0,0,61384,62397,1,1014,0.0,1873
GCA_023183295.1_ASM2318329v1_genomic,JAJTKN010000008.1,waaD,100.000,933,0,0,73354,74286,933,1,0.0,1724
GCF_023183815.1_ASM2318381v1_genomic,NZ_JAJTLO010000008.1,waaQ1,100.000,1014,0,0,69219,70232,1014,1,0.0,1873
GCF_023183815.1_ASM2318381v1_genomic,NZ_JAJTLO010000008.1,waaD,100.000,933,0,0,57330,58262,1,933,0.0,1724
GCA_023182935.1_ASM2318293v1_genomic,JAJTJU010000008.1,waaQ1,100.000,1014,0,0,69219,70232,1014,1,0.0,1873
GCA_023182935.1_ASM2318293v1_genomic,JAJTJU010000008.1,waaD,100.000,933,0,0,57330,58262,1,933,0.0,1724
GCF_012980825.1_ASM1298082v1_genomic,NZ_CP050244.1,waaQ1,100.000,1014,0,0,107859,108872,1,1014,0.0,1873
GCF_012980825.1_ASM1298082v1_genomic,NZ_CP050244.1,waaD,100.000,933,0,0,119829,120761,933,1,0.0,1724
GCF_023184135.1_ASM2318413v1_genomic,NZ_JAJTMG010000008.1,waaQ1,100.000,1014,0,0,61384,62397,1,1014,0.0,1873
GCF_023184135.1_ASM2318413v1_genomic,NZ_JAJTMG010000008.1,waaD,100.000,933,0,0,73354,74286,933,1,0.0,1724
GCF_012368065.1_ASM1236806v1_genomic,NZ_JAAEXI010000006.1,waaQ1,100.000,1014,0,0,69137,70150,1014,1,0.0,1873
GCF_012368065.1_ASM1236806v1_genomic,NZ_JAAEXI010000006.1,waaD,100.000,933,0,0,57248,58180,1,933,0.0,1724
GCF_023182895.1_ASM2318289v1_genomic,NZ_JAJTJV010000008.1,waaQ1,100.000,1014,0,0,61384,62397,1,1014,0.0,1873
GCF_023182895.1_ASM2318289v1_genomic,NZ_JAJTJV010000008.1,waaD,100.000,933,0,0,73354,74286,933,1,0.0,1724
GCA_023183015.1_ASM2318301v1_genomic,JAJTKD010000009.1,waaQ1,100.000,1014,0,0,69219,70232,1014,1,0.0,1873
GCA_023183015.1_ASM2318301v1_genomic,JAJTKD010000009.1,waaD,100.000,933,0,0,57330,58262,1,933,0.0,1724
GCF_023612755.1_ASM2361275v1_genomic,NZ_CP076594.1,waaQ1,100.000,1014,0,0,3729090,3730103,1,1014,0.0,1873
GCF_023612755.1_ASM2361275v1_genomic,NZ_CP076594.1,waaD,100.000,933,0,0,3741060,3741992,933,1,0.0,1724
GCA_023184215.1_ASM2318421v1_genomic,JAJTMK010000007.1,waaQ1,100.000,1014,0,0,61384,62397,1,1014,0.0,1873
GCA_023184215.1_ASM2318421v1_genomic,JAJTMK010000007.1,waaD,100.000,933,0,0,73354,74286,933,1,0.0,1724
GCA_023183425.1_ASM2318342v1_genomic,JAJTKX010000008.1,waaQ1,100.000,1014,0,0,61384,62397,1,1014,0.0,1873
GCA_023183425.1_ASM2318342v1_genomic,JAJTKX010000008.1,waaD,100.000,933,0,0,73354,74286,933,1,0.0,1724
GCF_023184495.1_ASM2318449v1_genomic,NZ_JAJTMW010000008.1,waaQ1,100.000,1014,0,0,61384,62397,1,1014,0.0,1873
GCF_023184495.1_ASM2318449v1_genomic,NZ_JAJTMW010000008.1,waaD,100.000,933,0,0,73354,74286,933,1,0.0,1724
GCF_023182905.1_ASM2318290v1_genomic,NZ_JAJTJW010000008.1,waaQ1,100.000,1014,0,0,69219,70232,1014,1,0.0,1873
GCF_023182905.1_ASM2318290v1_genomic,NZ_JAJTJW010000008.1,waaD,99.893,933,1,0,57330,58262,1,933,0.0,1718
GCF_000696075.1_ASM69607v1_genomic,NZ_BAYW01000017.1,waaQ1,100.000,1014,0,0,69123,70136,1014,1,0.0,1873
GCF_000696075.1_ASM69607v1_genomic,NZ_BAYW01000017.1,waaD,100.000,933,0,0,57234,58166,1,933,0.0,1724
GCA_023183825.1_ASM2318382v1_genomic,JAJTLR010000008.1,waaQ1,100.000,1014,0,0,61384,62397,1,1014,0.0,1873
GCA_023183825.1_ASM2318382v1_genomic,JAJTLR010000008.1,waaD,100.000,933,0,0,73354,74286,933,1,0.0,1724
GCA_023184385.1_ASM2318438v1_genomic,JAJTMU010000008.1,waaQ1,100.000,1014,0,0,61384,62397,1,1014,0.0,1873
GCA_023184385.1_ASM2318438v1_genomic,JAJTMU010000008.1,waaD,100.000,933,0,0,73354,74286,933,1,0.0,1724
GCF_012371665.2_ASM1237166v1_genomic,NZ_JAAEVB010000029.1,waaQ1,99.704,1014,3,0,67747,68760,1014,1,0.0,1857
GCF_012371665.2_ASM1237166v1_genomic,NZ_JAAEVB010000029.1,waaD,98.499,933,14,0,57212,58144,1,933,0.0,1646
GCF_012368375.1_ASM1236837v1_genomic,NZ_JAAEXV010000034.1,waaQ1,100.000,1014,0,0,69140,70153,1014,1,0.0,1873
GCF_012368375.1_ASM1236837v1_genomic,NZ_JAAEXV010000034.1,waaD,99.893,933,1,0,57251,58183,1,933,0.0,1718
GCA_020546605.1_ASM2054660v1_genomic,CP063691.1,waaQ1,100.000,1014,0,0,3814977,3815990,1014,1,0.0,1873
GCA_020546605.1_ASM2054660v1_genomic,CP063691.1,waaD,99.893,933,1,0,3803088,3804020,1,933,0.0,1718
GCF_023184225.1_ASM2318422v1_genomic,NZ_JAJTMJ010000008.1,waaQ1,100.000,1014,0,0,69219,70232,1014,1,0.0,1873
GCF_023184225.1_ASM2318422v1_genomic,NZ_JAJTMJ010000008.1,waaD,100.000,933,0,0,57330,58262,1,933,0.0,1724
GCF_023183415.1_ASM2318341v1_genomic,NZ_JAJTKU010000008.1,waaQ1,100.000,1014,0,0,69219,70232,1014,1,0.0,1873
GCF_023183415.1_ASM2318341v1_genomic,NZ_JAJTKU010000008.1,waaD,100.000,933,0,0,57330,58262,1,933,0.0,1724
GCF_012367085.1_ASM1236708v1_genomic,NZ_JAAEUY010000033.1,waaQ1,99.704,1014,3,0,12334,13347,1,1014,0.0,1857
GCF_012367085.1_ASM1236708v1_genomic,NZ_JAAEUY010000033.1,waaD,98.499,933,14,0,22950,23882,933,1,0.0,1646
GCF_023183025.1_ASM2318302v1_genomic,NZ_JAJTJY010000008.1,waaQ1,100.000,1014,0,0,69219,70232,1014,1,0.0,1873
GCF_023183025.1_ASM2318302v1_genomic,NZ_JAJTJY010000008.1,waaD,99.893,933,1,0,57330,58262,1,933,0.0,1718
GCF_025818805.1_ASM2581880v1_genomic,NZ_JAMWBL010000011.1,waaQ1,100.000,1014,0,0,69120,70133,1014,1,0.0,1873
GCF_025818805.1_ASM2581880v1_genomic,NZ_JAMWBL010000011.1,waaD,100.000,933,0,0,57231,58163,1,933,0.0,1724
GCF_012367455.1_ASM1236745v1_genomic,NZ_JAAEVU010000050.1,waaQ1,99.704,1014,3,0,67747,68760,1014,1,0.0,1857
GCF_012367455.1_ASM1236745v1_genomic,NZ_JAAEVU010000050.1,waaD,98.392,933,15,0,57212,58144,1,933,0.0,1640
GCF_002732485.1_ASM273248v1_genomic,NZ_NQJX01000005.1,waaQ1,100.000,1014,0,0,69436,70449,1014,1,0.0,1873
GCF_002732485.1_ASM273248v1_genomic,NZ_NQJX01000005.1,waaD,99.893,933,1,0,57547,58479,1,933,0.0,1718
GCF_023183245.1_ASM2318324v1_genomic,NZ_JAJTKO010000008.1,waaQ1,100.000,1014,0,0,61383,62396,1,1014,0.0,1873
GCF_023183245.1_ASM2318324v1_genomic,NZ_JAJTKO010000008.1,waaD,100.000,933,0,0,73353,74285,933,1,0.0,1724
GCF_023184475.1_ASM2318447v1_genomic,NZ_JAJTMV010000008.1,waaQ1,100.000,1014,0,0,61384,62397,1,1014,0.0,1873
GCF_023184475.1_ASM2318447v1_genomic,NZ_JAJTMV010000008.1,waaD,100.000,933,0,0,73354,74286,933,1,0.0,1724
GCF_023183675.1_ASM2318367v1_genomic,NZ_JAJTLL010000008.1,waaQ1,100.000,1014,0,0,61384,62397,1,1014,0.0,1873
GCF_023183675.1_ASM2318367v1_genomic,NZ_JAJTLL010000008.1,waaD,100.000,933,0,0,73354,74286,933,1,0.0,1724
GCF_023184045.1_ASM2318404v1_genomic,NZ_JAJTMC010000008.1,waaQ1,100.000,1014,0,0,61384,62397,1,1014,0.0,1873
GCF_023184045.1_ASM2318404v1_genomic,NZ_JAJTMC010000008.1,waaD,100.000,933,0,0,73354,74286,933,1,0.0,1724
GCF_015650045.1_ASM1565004v1_genomic,NZ_CP064855.1,waaQ1,100.000,1014,0,0,3667440,3668453,1014,1,0.0,1873
GCF_015650045.1_ASM1565004v1_genomic,NZ_CP064855.1,waaD,100.000,933,0,0,3655551,3656483,1,933,0.0,1724
GCA_023183555.1_ASM2318355v1_genomic,JAJTLC010000008.1,waaQ1,100.000,1014,0,0,61384,62397,1,1014,0.0,1873
GCA_023183555.1_ASM2318355v1_genomic,JAJTLC010000008.1,waaD,100.000,933,0,0,73354,74286,933,1,0.0,1724
GCF_012367375.1_ASM1236737v1_genomic,NZ_JAAEVR010000010.1,waaQ1,100.000,1014,0,0,61306,62319,1,1014,0.0,1873
GCF_012367375.1_ASM1236737v1_genomic,NZ_JAAEVR010000010.1,waaD,100.000,933,0,0,73276,74208,933,1,0.0,1724
GCF_002732215.1_ASM273221v1_genomic,NZ_NQJQ01000053.1,waaQ1,100.000,1014,0,0,69352,70365,1014,1,0.0,1873
GCF_002732215.1_ASM273221v1_genomic,NZ_NQJQ01000053.1,waaD,100.000,933,0,0,57463,58395,1,933,0.0,1724
GCA_000367585.2_ASM36758v2_genomic,CAOZ01000002.1,waaQ1,100.000,1014,0,0,61305,62318,1,1014,0.0,1873
GCA_000367585.2_ASM36758v2_genomic,CAOZ01000002.1,waaD,100.000,933,0,0,73275,74207,933,1,0.0,1724
GCA_026966895.1_ASM2696689v1_genomic,JALGBW010000011.1,waaQ1,100.000,1014,0,0,69436,70449,1014,1,0.0,1873
GCA_026966895.1_ASM2696689v1_genomic,JALGBW010000011.1,waaD,100.000,933,0,0,57547,58479,1,933,0.0,1724
GCF_012368085.1_ASM1236808v1_genomic,NZ_JAAEXL010000018.1,waaQ1,100.000,1014,0,0,69140,70153,1014,1,0.0,1873
GCF_012368085.1_ASM1236808v1_genomic,NZ_JAAEXL010000018.1,waaD,100.000,933,0,0,57251,58183,1,933,0.0,1724
GCF_023182875.1_ASM2318287v1_genomic,NZ_JAJTJX010000008.1,waaQ1,100.000,1014,0,0,69219,70232,1014,1,0.0,1873
GCF_023182875.1_ASM2318287v1_genomic,NZ_JAJTJX010000008.1,waaD,100.000,933,0,0,57330,58262,1,933,0.0,1724
GCF_013375015.1_ASM1337501v1_genomic,NZ_CP056034.1,waaQ1,100.000,1014,0,0,3663687,3664700,1014,1,0.0,1873
GCF_013375015.1_ASM1337501v1_genomic,NZ_CP056034.1,waaD,100.000,933,0,0,3651798,3652730,1,933,0.0,1724
GCA_000367625.2_ASM36762v2_genomic,CAPB01000002.1,waaQ1,100.000,1014,0,0,61339,62352,1,1014,0.0,1873
GCA_000367625.2_ASM36762v2_genomic,CAPB01000002.1,waaD,100.000,933,0,0,73309,74241,933,1,0.0,1724
GCF_012368205.1_ASM1236820v1_genomic,NZ_JAAEXQ010000013.1,waaQ1,100.000,1014,0,0,61300,62313,1,1014,0.0,1873
GCF_012368205.1_ASM1236820v1_genomic,NZ_JAAEXQ010000013.1,waaD,99.893,933,1,0,73270,74202,933,1,0.0,1718
GCA_023183645.1_ASM2318364v1_genomic,JAJTLI010000008.1,waaQ1,100.000,1014,0,0,69219,70232,1014,1,0.0,1873
GCA_023183645.1_ASM2318364v1_genomic,JAJTLI010000008.1,waaD,100.000,933,0,0,57330,58262,1,933,0.0,1724
GCA_023183275.1_ASM2318327v1_genomic,JAJTKQ010000008.1,waaQ1,100.000,1014,0,0,69219,70232,1014,1,0.0,1873
GCA_023183275.1_ASM2318327v1_genomic,JAJTKQ010000008.1,waaD,100.000,933,0,0,57330,58262,1,933,0.0,1724
GCA_000240705.2_ASM24070v2_genomic,AFHN01000002.1,waaQ1,100.000,1014,0,0,61339,62352,1,1014,0.0,1873
GCA_000240705.2_ASM24070v2_genomic,AFHN01000002.1,waaD,100.000,933,0,0,73309,74241,933,1,0.0,1724
GCF_023184355.1_ASM2318435v1_genomic,NZ_JAJTMQ010000008.1,waaQ1,100.000,1014,0,0,61384,62397,1,1014,0.0,1873
GCF_023184355.1_ASM2318435v1_genomic,NZ_JAJTMQ010000008.1,waaD,100.000,933,0,0,73354,74286,933,1,0.0,1724
GCF_012371555.1_ASM1237155v1_genomic,NZ_JAAEUR010000030.1,waaQ1,100.000,1014,0,0,13577,14590,1,1014,0.0,1873
GCF_012371555.1_ASM1237155v1_genomic,NZ_JAAEUR010000030.1,waaD,99.893,933,1,0,25547,26479,933,1,0.0,1718
GCF_023183155.1_ASM2318315v1_genomic,NZ_JAJTKH010000008.1,waaQ1,100.000,1014,0,0,69219,70232,1014,1,0.0,1873
GCF_023183155.1_ASM2318315v1_genomic,NZ_JAJTKH010000008.1,waaD,100.000,933,0,0,57330,58262,1,933,0.0,1724
GCF_023183195.1_ASM2318319v1_genomic,NZ_JAJTKJ010000008.1,waaQ1,100.000,1014,0,0,69219,70232,1014,1,0.0,1873
GCF_023183195.1_ASM2318319v1_genomic,NZ_JAJTKJ010000008.1,waaD,100.000,933,0,0,57330,58262,1,933,0.0,1724
GCA_023183685.1_ASM2318368v1_genomic,JAJTLH010000008.1,waaQ1,100.000,1014,0,0,61384,62397,1,1014,0.0,1873
GCA_023183685.1_ASM2318368v1_genomic,JAJTLH010000008.1,waaD,100.000,933,0,0,73354,74286,933,1,0.0,1724
GCA_023183995.1_ASM2318399v1_genomic,JAJTLY010000008.1,waaQ1,100.000,1014,0,0,69219,70232,1014,1,0.0,1873
GCA_023183995.1_ASM2318399v1_genomic,JAJTLY010000008.1,waaD,100.000,933,0,0,57330,58262,1,933,0.0,1724
GCA_023183035.1_ASM2318303v1_genomic,JAJTKA010000009.1,waaQ1,100.000,1014,0,0,69219,70232,1014,1,0.0,1873
GCA_023183035.1_ASM2318303v1_genomic,JAJTKA010000009.1,waaD,100.000,933,0,0,57330,58262,1,933,0.0,1724
GCF_023612775.1_ASM2361277v1_genomic,NZ_CP076595.1,waaQ1,100.000,1014,0,0,2231694,2232707,1,1014,0.0,1873
GCF_023612775.1_ASM2361277v1_genomic,NZ_CP076595.1,waaD,100.000,933,0,0,2243664,2244596,933,1,0.0,1724
GCF_023183315.1_ASM2318331v1_genomic,NZ_JAJTKR010000008.1,waaQ1,100.000,1014,0,0,69219,70232,1014,1,0.0,1873
GCF_023183315.1_ASM2318331v1_genomic,NZ_JAJTKR010000008.1,waaD,100.000,933,0,0,57330,58262,1,933,0.0,1724
GCF_012980805.1_ASM1298080v1_genomic,NZ_CP050242.1,waaQ1,100.000,1014,0,0,107859,108872,1,1014,0.0,1873
GCF_012980805.1_ASM1298080v1_genomic,NZ_CP050242.1,waaD,100.000,933,0,0,119829,120761,933,1,0.0,1724
GCF_023183725.1_ASM2318372v1_genomic,NZ_JAJTLJ010000008.1,waaQ1,100.000,1014,0,0,61383,62396,1,1014,0.0,1873
GCF_023183725.1_ASM2318372v1_genomic,NZ_JAJTLJ010000008.1,waaD,100.000,933,0,0,73353,74285,933,1,0.0,1724
GCF_023184115.1_ASM2318411v1_genomic,NZ_JAJTMH010000008.1,waaQ1,100.000,1014,0,0,61384,62397,1,1014,0.0,1873
GCF_023184115.1_ASM2318411v1_genomic,NZ_JAJTMH010000008.1,waaD,100.000,933,0,0,73354,74286,933,1,0.0,1724
GCF_012366985.1_ASM1236698v1_genomic,NZ_JAAEUN010000013.1,waaQ1,100.000,1014,0,0,44081,45094,1,1014,0.0,1873
GCF_012366985.1_ASM1236698v1_genomic,NZ_JAAEUN010000013.1,waaD,100.000,933,0,0,56051,56983,933,1,0.0,1724
GCA_023183805.1_ASM2318380v1_genomic,JAJTLP010000008.1,waaQ1,100.000,1014,0,0,69219,70232,1014,1,0.0,1873
GCA_023183805.1_ASM2318380v1_genomic,JAJTLP010000008.1,waaD,100.000,933,0,0,57330,58262,1,933,0.0,1724
GCA_023183595.1_ASM2318359v1_genomic,JAJTLE010000008.1,waaQ1,100.000,1014,0,0,61384,62397,1,1014,0.0,1873
GCA_023183595.1_ASM2318359v1_genomic,JAJTLE010000008.1,waaD,100.000,933,0,0,73354,74286,933,1,0.0,1724
GCF_012371685.1_ASM1237168v1_genomic,NZ_JAAEVD010000010.1,waaQ1,100.000,1014,0,0,61306,62319,1,1014,0.0,1873
GCF_012371685.1_ASM1237168v1_genomic,NZ_JAAEVD010000010.1,waaD,100.000,933,0,0,73276,74208,933,1,0.0,1724
GCF_023183285.1_ASM2318328v1_genomic,NZ_JAJTKP010000008.1,waaQ1,100.000,1014,0,0,61384,62397,1,1014,0.0,1873
GCF_023183285.1_ASM2318328v1_genomic,NZ_JAJTKP010000008.1,waaD,100.000,933,0,0,73354,74286,933,1,0.0,1724
GCF_012367615.1_ASM1236761v1_genomic,NZ_JAAEWI010000002.1,waaQ1,99.901,1014,1,0,69146,70159,1014,1,0.0,1868
GCF_012367615.1_ASM1236761v1_genomic,NZ_JAAEWI010000002.1,waaD,99.786,933,2,0,57257,58189,1,933,0.0,1712
GCF_000367565.1_ASM36756v2_genomic,NZ_CAOY01000002.1,waaQ1,100.000,1014,0,0,61333,62346,1,1014,0.0,1873
GCF_000367565.1_ASM36756v2_genomic,NZ_CAOY01000002.1,waaD,100.000,933,0,0,73303,74235,933,1,0.0,1724
GCF_012367495.1_ASM1236749v1_genomic,NZ_JAAEVZ010000008.1,waaQ1,100.000,1014,0,0,19295,20308,1,1014,0.0,1873
GCF_012367495.1_ASM1236749v1_genomic,NZ_JAAEVZ010000008.1,waaD,99.893,933,1,0,31265,32197,933,1,0.0,1718
GCF_012367905.1_ASM1236790v1_genomic,NZ_JAAEXD010000019.1,waaQ1,100.000,1014,0,0,69140,70153,1014,1,0.0,1873
GCF_012367905.1_ASM1236790v1_genomic,NZ_JAAEXD010000019.1,waaD,100.000,933,0,0,57251,58183,1,933,0.0,1724
GCA_023183715.1_ASM2318371v1_genomic,JAJTLM010000008.1,waaQ1,100.000,1014,0,0,61384,62397,1,1014,0.0,1873
GCA_023183715.1_ASM2318371v1_genomic,JAJTLM010000008.1,waaD,100.000,933,0,0,73354,74286,933,1,0.0,1724
